first_name,second_name,season,now_cost,selected_by_percent,total_points,minutes,goals_scored,assists,creativity,threat,clean_sheets,goals_conceded,yellow_cards,red_cards,influence,ict_index,bonus,bps,goals_per_90,assists_per_90,goal_involvement,goal_involvement_per_90,clean_sheet_rate,total_cards,cards_per_90,points_per_cost,rank_in_season,season_encoded,player_name
Alexis,Sánchez,2016-17,0.0,29.7,264,3217,24,11,1278.3,1896.0,13,41,6,0,1357.8,453.4,32,834,0.671,0.308,35,0.979,0.364,6,0.168,0.0,1,0,Alexis Sánchez
Bamidele,Alli,2016-17,0.0,32.3,225,3036,18,11,778.7,1270.0,17,22,4,0,969.6,301.7,17,679,0.534,0.326,29,0.86,0.504,4,0.119,0.0,2,0,Bamidele Alli
Eden,Hazard,2016-17,0.0,30.6,224,2985,16,9,1306.8,1162.0,17,29,3,0,1044.6,351.6,33,869,0.482,0.271,25,0.754,0.513,3,0.09,0.0,3,0,Eden Hazard
Harry,Kane,2016-17,0.0,23.3,224,2523,29,7,548.4,1530.0,14,19,3,0,1279.0,336.0,33,920,1.034,0.25,36,1.284,0.499,3,0.107,0.0,3,0,Harry Kane
Romelu,Lukaku,2016-17,0.0,32.2,221,3266,25,6,701.4,1670.0,13,42,3,0,1171.6,354.1,33,824,0.689,0.165,31,0.854,0.358,3,0.083,0.0,5,0,Romelu Lukaku
Christian,Eriksen,2016-17,0.0,17.9,218,3159,8,20,1679.2,1244.0,16,24,0,0,974.6,389.7,30,798,0.228,0.57,28,0.798,0.456,0,0.0,0.0,6,0,Christian Eriksen
Kevin,De Bruyne,2016-17,0.0,10.4,199,2877,6,21,1702.0,790.0,11,34,4,0,872.4,336.6,33,825,0.188,0.657,27,0.845,0.344,4,0.125,0.0,7,0,Kevin De Bruyne
Diego,Da Silva Costa,2016-17,0.0,32.2,196,3083,20,11,687.9,1891.0,14,30,10,0,982.6,355.0,25,657,0.584,0.321,31,0.905,0.409,10,0.292,0.0,8,0,Diego Da Silva Costa
Gylfi,Sigurdsson,2016-17,0.0,10.8,181,3327,9,13,1302.7,1074.0,7,70,2,0,905.4,328.3,18,684,0.243,0.352,22,0.595,0.189,2,0.054,0.0,9,0,Gylfi Sigurdsson
Roberto,Firmino,2016-17,0.0,8.8,180,3062,11,11,1127.3,1569.0,11,39,5,0,869.6,356.9,17,639,0.323,0.323,22,0.647,0.323,5,0.147,0.0,10,0,Roberto Firmino
Joshua,King,2016-17,0.0,19.3,178,2714,16,3,474.6,1007.0,9,54,1,0,835.2,231.6,17,553,0.531,0.099,19,0.63,0.298,1,0.033,0.0,11,0,Joshua King
Gary,Cahill,2016-17,0.0,15.3,178,3296,6,0,100.8,400.0,17,29,5,0,831.6,133.3,15,778,0.164,0.0,6,0.164,0.464,5,0.137,0.0,11,0,Gary Cahill
Marcos,Alonso,2016-17,0.0,16.0,177,2693,6,5,420.4,536.0,15,19,2,0,618.2,157.6,11,675,0.201,0.167,11,0.368,0.501,2,0.067,0.0,13,0,Marcos Alonso
Sergio,Agüero,2016-17,0.0,17.6,175,2404,20,5,518.2,1853.0,8,30,4,1,871.8,323.9,32,640,0.749,0.187,25,0.936,0.3,6,0.225,0.0,14,0,Sergio Agüero
Heung-Min,Son,2016-17,0.0,11.0,174,2063,14,9,642.3,1161.0,10,18,2,0,753.4,255.6,13,512,0.611,0.393,23,1.003,0.436,2,0.087,0.0,15,0,Heung-Min Son
Philippe,Coutinho,2016-17,0.0,26.0,171,2228,13,8,1081.8,1125.0,8,27,2,0,860.0,306.5,21,631,0.525,0.323,21,0.848,0.323,2,0.081,0.0,16,0,Philippe Coutinho
César,Azpilicueta,2016-17,0.0,18.1,170,3420,1,5,422.8,150.0,16,33,4,0,792.8,136.8,22,872,0.026,0.132,6,0.158,0.421,4,0.105,0.0,17,0,César Azpilicueta
Mesut,Özil,2016-17,0.0,7.5,167,2841,8,11,1649.3,734.0,12,30,2,0,834.4,322.0,19,729,0.253,0.348,19,0.602,0.38,2,0.063,0.0,18,0,Mesut Özil
Jermain,Defoe,2016-17,0.0,16.1,166,3322,15,3,274.5,1379.0,6,63,1,0,630.4,227.0,24,529,0.406,0.081,18,0.488,0.163,1,0.027,0.0,19,0,Jermain Defoe
Zlatan,Ibrahimovic,2016-17,0.0,22.8,163,2438,17,7,775.0,1694.0,11,22,7,0,807.8,327.3,28,540,0.628,0.258,24,0.886,0.406,7,0.258,0.0,20,0,Zlatan Ibrahimovic
Pedro,Rodríguez Ledesma,2016-17,0.0,8.5,162,2140,9,10,697.9,669.0,15,15,6,0,639.0,198.8,18,580,0.379,0.421,19,0.799,0.631,6,0.252,0.0,21,0,Pedro Rodríguez Ledesma
Jamie,Vardy,2016-17,0.0,13.9,161,2801,13,8,450.4,955.0,7,57,2,1,629.8,202.5,24,555,0.418,0.257,21,0.675,0.225,4,0.129,0.0,22,0,Jamie Vardy
Sadio,Mané,2016-17,0.0,7.8,156,2242,13,7,660.7,1074.0,8,26,4,0,727.0,246.0,14,502,0.522,0.281,20,0.803,0.321,4,0.161,0.0,23,0,Sadio Mané
Tom,Heaton,2016-17,0.0,18.6,149,3150,0,0,30.3,0.0,10,48,1,0,1001.6,103.2,21,741,0.0,0.0,0,0.0,0.286,1,0.029,0.0,24,0,Tom Heaton
Wilfried,Zaha,2016-17,0.0,11.9,149,3019,7,11,606.4,865.0,7,56,8,0,740.4,221.2,13,481,0.209,0.328,18,0.537,0.209,8,0.238,0.0,24,0,Wilfried Zaha
Raheem,Sterling,2016-17,0.0,10.6,149,2509,7,14,688.3,1170.0,9,27,7,0,527.0,237.7,11,468,0.251,0.502,21,0.753,0.323,7,0.251,0.0,24,0,Raheem Sterling
Georginio,Wijnaldum,2016-17,0.0,1.7,149,2974,6,9,694.5,639.0,11,37,2,0,648.4,198.5,14,650,0.182,0.272,15,0.454,0.333,2,0.061,0.0,24,0,Georginio Wijnaldum
Fernando,Llorente,2016-17,0.0,9.4,146,2442,15,3,489.6,1086.0,5,51,2,0,639.8,220.3,22,512,0.553,0.111,18,0.663,0.184,2,0.074,0.0,28,0,Fernando Llorente
Ross,Barkley,2016-17,0.0,6.6,144,2900,5,11,1237.6,973.0,12,36,5,0,692.4,290.3,11,534,0.155,0.341,16,0.497,0.372,5,0.155,0.0,29,0,Ross Barkley
Hugo,Lloris,2016-17,0.0,7.9,143,3004,0,0,20.0,2.0,15,24,0,0,664.6,68.7,6,665,0.0,0.0,0,0.0,0.449,0,0.0,0.0,30,0,Hugo Lloris
Kyle,Walker,2016-17,0.0,27.6,142,2701,0,6,570.5,264.0,14,21,8,0,564.0,140.2,18,640,0.0,0.2,6,0.2,0.466,8,0.267,0.0,31,0,Kyle Walker
Thibaut,Courtois,2016-17,0.0,14.1,141,3240,0,0,0.0,0.0,16,28,1,0,517.6,52.0,0,623,0.0,0.0,0,0.0,0.444,1,0.028,0.0,32,0,Thibaut Courtois
Adam,Lallana,2016-17,0.0,9.1,139,2338,8,7,693.0,825.0,9,32,3,0,679.4,219.5,14,543,0.308,0.269,15,0.577,0.346,3,0.115,0.0,33,0,Adam Lallana
James,Milner,2016-17,0.0,4.8,139,3154,7,4,937.0,493.0,12,35,5,0,919.0,235.2,16,682,0.2,0.114,11,0.314,0.342,5,0.143,0.0,33,0,James Milner
Christian,Benteke,2016-17,0.0,9.5,136,3131,15,2,484.4,1762.0,7,58,10,0,640.2,286.1,13,382,0.431,0.057,17,0.489,0.201,10,0.287,0.0,35,0,Christian Benteke
David,de Gea,2016-17,0.0,33.2,136,3150,0,0,10.0,0.0,14,29,2,0,542.4,55.0,5,575,0.0,0.0,0,0.0,0.4,2,0.057,0.0,35,0,David de Gea
Leighton,Baines,2016-17,0.0,11.0,135,2819,2,5,695.0,151.0,11,34,4,0,570.8,141.9,15,647,0.064,0.16,7,0.223,0.351,4,0.128,0.0,37,0,Leighton Baines
Petr,Cech,2016-17,0.0,13.7,134,3097,0,0,0.1,0.0,12,37,2,0,819.8,82.0,2,660,0.0,0.0,0,0.0,0.349,2,0.058,0.0,38,0,Petr Cech
Charlie,Daniels,2016-17,0.0,9.9,134,3060,4,3,528.3,302.0,10,53,1,0,698.2,152.9,14,692,0.118,0.088,7,0.206,0.294,1,0.029,0.0,38,0,Charlie Daniels
Fraser,Forster,2016-17,0.0,5.0,134,3420,0,0,10.0,0.0,14,48,3,0,553.6,56.4,4,625,0.0,0.0,0,0.0,0.368,3,0.079,0.0,38,0,Fraser Forster
Seamus,Coleman,2016-17,0.0,4.0,133,2316,4,4,308.9,297.0,10,28,3,0,596.0,120.3,15,548,0.155,0.155,8,0.311,0.389,3,0.117,0.0,41,0,Seamus Coleman
Robert,Snodgrass,2016-17,0.0,6.3,133,2548,7,6,1050.1,538.0,3,56,2,0,550.2,212.3,16,503,0.247,0.212,13,0.459,0.106,2,0.071,0.0,41,0,Robert Snodgrass
Manuel,Lanzini,2016-17,0.0,2.0,133,2708,8,3,863.3,629.0,9,53,9,0,639.0,213.5,20,635,0.266,0.1,11,0.366,0.299,9,0.299,0.0,41,0,Manuel Lanzini
Michail,Antonio,2016-17,0.0,5.3,132,2433,9,8,503.1,1105.0,7,43,4,1,622.4,222.7,8,410,0.333,0.296,17,0.629,0.259,6,0.222,0.0,44,0,Michail Antonio
David,Luiz Moreira Marinho,2016-17,0.0,5.0,132,2954,1,1,158.1,280.0,15,26,6,0,651.0,109.1,10,675,0.03,0.03,2,0.061,0.457,6,0.183,0.0,44,0,David Luiz Moreira Marinho
Etienne,Capoue,2016-17,0.0,22.9,131,3204,7,2,696.8,513.0,7,60,5,0,577.6,178.7,14,544,0.197,0.056,9,0.253,0.197,5,0.14,0.0,46,0,Etienne Capoue
Gareth,McAuley,2016-17,0.0,24.7,131,3140,6,1,74.3,367.0,7,45,5,0,913.8,135.4,14,576,0.172,0.029,7,0.201,0.201,5,0.143,0.0,46,0,Gareth McAuley
David,Silva,2016-17,0.0,2.8,130,2760,4,9,1388.4,801.0,12,32,6,0,671.2,286.2,12,621,0.13,0.293,13,0.424,0.391,6,0.196,0.0,48,0,David Silva
Troy,Deeney,2016-17,0.0,4.8,130,2944,10,4,555.9,900.0,6,52,7,0,617.4,206.8,18,441,0.306,0.122,14,0.428,0.183,7,0.214,0.0,48,0,Troy Deeney
Álvaro,Negredo,2016-17,0.0,10.9,130,2872,9,5,454.9,1078.0,10,45,5,0,542.4,207.1,17,436,0.282,0.157,14,0.439,0.313,5,0.157,0.0,48,0,Álvaro Negredo
Mohamed,Salah,2017-18,106.0,56.7,303,2905,32,12,942.5,2109.0,15,29,1,0,1496.2,454.4,26,881,0.991,0.372,44,1.363,0.465,1,0.031,2.858,1,1,Mohamed Salah
Raheem,Sterling,2017-18,91.0,27.6,229,2584,18,17,838.2,1488.0,13,23,3,1,969.8,329.7,19,701,0.627,0.592,35,1.219,0.453,5,0.174,2.516,2,1,Raheem Sterling
Harry,Kane,2017-18,131.0,37.7,217,3074,29,2,502.1,2355.0,15,34,5,0,1214.4,407.4,31,781,0.849,0.059,31,0.908,0.439,5,0.146,1.656,3,1,Harry Kane
Kevin,De Bruyne,2017-18,103.0,21.4,209,3073,8,18,1744.2,797.0,19,22,2,0,1146.6,368.9,25,872,0.234,0.527,26,0.761,0.556,2,0.059,2.029,4,1,Kevin De Bruyne
Christian,Eriksen,2017-18,97.0,19.4,199,3218,11,10,1487.0,1021.0,17,33,0,0,1072.6,358.2,23,826,0.308,0.28,21,0.587,0.475,0,0.0,2.052,5,1,Christian Eriksen
Riyad,Mahrez,2017-18,87.0,8.2,195,2948,12,13,924.0,932.0,9,51,2,0,966.0,282.6,19,682,0.366,0.397,25,0.763,0.275,2,0.061,2.241,6,1,Riyad Mahrez
Jamie,Vardy,2017-18,88.0,21.7,183,3248,20,2,439.9,1222.0,8,57,3,0,822.8,248.6,28,674,0.554,0.055,22,0.61,0.222,3,0.083,2.08,7,1,Jamie Vardy
Roberto,Firmino,2017-18,95.0,36.1,181,2760,15,8,834.5,1341.0,16,32,1,0,951.0,312.7,29,758,0.489,0.261,23,0.75,0.522,1,0.033,1.905,8,1,Roberto Firmino
Leroy,Sané,2017-18,87.0,13.4,179,2415,10,15,891.3,1013.0,12,22,4,0,842.4,274.4,17,647,0.373,0.559,25,0.932,0.447,4,0.149,2.057,9,1,Leroy Sané
Heung-Min,Son,2017-18,83.0,14.0,178,2292,12,8,588.2,1177.0,14,18,0,0,725.8,249.1,16,544,0.471,0.314,20,0.785,0.55,0,0.0,2.145,10,1,Heung-Min Son
César,Azpilicueta,2017-18,69.0,21.0,175,3330,2,6,535.7,168.0,15,38,1,0,967.4,167.5,25,913,0.054,0.162,8,0.216,0.405,1,0.027,2.536,11,1,César Azpilicueta
Bamidele,Alli,2017-18,90.0,13.8,175,2957,9,13,878.5,934.0,16,28,7,0,775.2,258.8,12,565,0.274,0.396,22,0.67,0.487,7,0.213,1.944,11,1,Bamidele Alli
Eden,Hazard,2017-18,105.0,6.4,173,2417,12,6,1127.3,1115.0,12,27,2,0,928.0,317.3,24,699,0.447,0.223,18,0.67,0.447,2,0.074,1.648,13,1,Eden Hazard
David,De Gea,2017-18,59.0,44.3,172,3330,0,0,10.0,0.0,18,28,0,0,821.2,83.4,10,757,0.0,0.0,0,0.0,0.486,0,0.0,2.915,14,1,David De Gea
David,Silva,2017-18,82.0,11.5,169,2431,9,11,1118.5,867.0,14,18,5,0,875.8,286.5,26,671,0.333,0.407,20,0.74,0.518,5,0.185,2.061,15,1,David Silva
Sergio,Agüero,2017-18,115.0,10.7,169,1960,21,6,570.8,1484.0,13,12,2,0,966.4,302.5,22,740,0.964,0.276,27,1.24,0.597,2,0.092,1.47,15,1,Sergio Agüero
Marcos,Alonso,2017-18,71.0,16.2,165,2855,7,2,549.6,822.0,13,30,6,0,697.8,207.1,15,650,0.221,0.063,9,0.284,0.41,6,0.189,2.324,17,1,Marcos Alonso
Pascal,Groß,2017-18,59.0,15.4,164,2928,7,8,1311.0,527.0,10,46,2,0,735.4,257.6,24,635,0.215,0.246,15,0.461,0.307,2,0.061,2.78,18,1,Pascal Groß
Romelu,Lukaku,2017-18,115.0,21.9,162,2866,16,7,572.4,1334.0,14,26,4,0,831.0,273.2,18,593,0.502,0.22,23,0.722,0.44,4,0.126,1.409,19,1,Romelu Lukaku
Ederson,Santana de Moraes,2017-18,57.0,9.0,158,3195,0,0,10.0,0.0,16,26,1,0,546.2,55.6,10,666,0.0,0.0,0,0.0,0.451,1,0.028,2.772,20,1,Ederson Santana de Moraes
Lukasz,Fabianski,2017-18,47.0,10.1,157,3420,0,0,10.0,0.0,9,56,0,0,1087.8,109.9,14,772,0.0,0.0,0,0.0,0.237,0,0.0,3.34,21,1,Lukasz Fabianski
Nicolás,Otamendi,2017-18,64.0,25.8,156,2966,4,0,224.6,363.0,15,25,9,0,846.6,143.7,21,742,0.121,0.0,4,0.121,0.455,9,0.273,2.438,22,1,Nicolás Otamendi
Xherdan,Shaqiri,2017-18,61.0,8.6,155,3039,8,9,1151.6,676.0,6,58,5,0,718.0,255.2,19,554,0.237,0.267,17,0.503,0.178,5,0.148,2.541,23,1,Xherdan Shaqiri
Nick,Pope,2017-18,50.0,10.1,152,3114,0,0,40.0,0.0,11,35,3,0,862.4,90.1,19,701,0.0,0.0,0,0.0,0.318,3,0.087,3.04,24,1,Nick Pope
Alexis,Sánchez,2017-18,114.0,3.0,152,2546,9,10,1155.2,1281.0,11,32,5,0,823.2,326.1,13,515,0.318,0.353,19,0.672,0.389,5,0.177,1.333,24,1,Alexis Sánchez
Sadio,Mané,2017-18,94.0,8.5,147,2189,10,8,739.1,964.0,15,24,3,1,677.4,238.0,8,499,0.411,0.329,18,0.74,0.617,5,0.206,1.564,26,1,Sadio Mané
Mathew,Ryan,2017-18,46.0,3.4,146,3420,0,0,0.0,0.0,10,54,0,0,911.6,91.1,13,726,0.0,0.0,0,0.0,0.263,0,0.0,3.174,27,1,Mathew Ryan
Antonio,Valencia,2017-18,69.0,11.7,146,2741,3,1,438.5,259.0,16,22,7,0,559.2,125.5,13,660,0.099,0.033,4,0.131,0.525,7,0.23,2.116,27,1,Antonio Valencia
Jordan,Pickford,2017-18,49.0,8.3,145,3420,0,0,30.1,4.0,10,58,0,0,873.6,90.7,16,724,0.0,0.0,0,0.0,0.263,0,0.0,2.959,29,1,Jordan Pickford
Luka,Milivojevic,2017-18,52.0,13.5,144,3079,10,2,379.0,432.0,8,52,8,0,873.8,168.6,21,630,0.292,0.058,12,0.351,0.234,8,0.234,2.769,30,1,Luka Milivojevic
Hugo,Lloris,2017-18,55.0,9.3,144,3240,0,0,0.1,0.0,15,35,1,0,726.4,72.3,6,694,0.0,0.0,0,0.0,0.417,1,0.028,2.618,30,1,Hugo Lloris
Marko,Arnautovic,2017-18,71.0,7.6,144,2309,11,7,543.0,1155.0,7,50,5,1,713.8,241.1,12,440,0.429,0.273,18,0.702,0.273,7,0.273,2.028,30,1,Marko Arnautovic
Ben,Davies,2017-18,58.0,21.9,143,2323,2,7,698.8,201.0,12,20,3,0,610.0,151.0,14,615,0.077,0.271,9,0.349,0.465,3,0.116,2.466,33,1,Ben Davies
Alexandre,Lacazette,2017-18,103.0,7.6,138,2197,14,5,566.0,1291.0,10,28,1,0,725.6,258.0,11,543,0.574,0.205,19,0.778,0.41,1,0.041,1.34,34,1,Alexandre Lacazette
Kyle,Walker,2017-18,66.0,12.3,138,2784,0,6,511.4,117.0,15,22,2,1,542.4,117.1,8,691,0.0,0.194,6,0.194,0.485,4,0.129,2.091,34,1,Kyle Walker
Paul,Pogba,2017-18,79.0,14.7,138,2145,6,13,663.5,780.0,11,20,5,1,710.8,215.6,15,528,0.252,0.545,19,0.797,0.462,7,0.294,1.747,34,1,Paul Pogba
Jan,Vertonghen,2017-18,61.0,10.1,138,3203,0,1,205.7,243.0,16,31,4,0,774.4,122.7,13,778,0.0,0.028,1,0.028,0.45,4,0.112,2.262,34,1,Jan Vertonghen
Thibaut,Courtois,2017-18,53.0,10.3,136,3150,0,0,0.0,0.0,15,34,2,0,549.0,55.2,4,635,0.0,0.0,0,0.0,0.429,2,0.057,2.566,38,1,Thibaut Courtois
Wilfried,Zaha,2017-18,71.0,10.6,136,2549,9,7,716.9,1125.0,10,31,5,0,668.0,251.0,8,404,0.318,0.247,16,0.565,0.353,5,0.177,1.915,38,1,Wilfried Zaha
Abdoulaye,Doucouré,2017-18,52.0,11.0,136,3324,7,4,595.8,537.0,9,63,10,0,859.0,199.7,16,679,0.19,0.108,11,0.298,0.244,10,0.271,2.615,38,1,Abdoulaye Doucouré
Jonas,Lössl,2017-18,46.0,6.8,135,3420,0,1,30.0,0.0,10,58,1,0,846.8,87.8,11,701,0.0,0.026,1,0.026,0.263,1,0.026,2.935,41,1,Jonas Lössl
Héctor,Bellerín,2017-18,59.0,10.3,132,3050,2,4,561.0,484.0,12,44,5,0,554.0,160.1,11,656,0.059,0.118,6,0.177,0.354,5,0.148,2.237,42,1,Héctor Bellerín
Victor,Moses,2017-18,65.0,2.9,131,2109,3,6,358.1,482.0,11,20,3,0,417.0,125.9,9,486,0.128,0.256,9,0.384,0.469,3,0.128,2.015,43,1,Victor Moses
Nacho,Monreal,2017-18,57.0,8.0,130,2241,5,2,238.7,305.0,10,29,3,0,693.6,124.0,15,604,0.201,0.08,7,0.281,0.402,3,0.12,2.281,44,1,Nacho Monreal
Aaron,Ramsey,2017-18,68.0,4.5,130,1844,7,10,478.3,734.0,9,25,0,0,631.2,184.2,12,503,0.342,0.488,17,0.83,0.439,0,0.0,1.912,44,1,Aaron Ramsey
Willian,Borges Da Silva,2017-18,70.0,12.6,130,1874,6,8,891.5,715.0,9,19,1,0,640.0,224.5,13,522,0.288,0.384,14,0.672,0.432,1,0.048,1.857,44,1,Willian Borges Da Silva
Jesse,Lingard,2017-18,60.0,10.3,128,1807,8,6,519.1,711.0,9,18,2,0,526.6,175.3,10,450,0.398,0.299,14,0.697,0.448,2,0.1,2.133,47,1,Jesse Lingard
Gabriel Fernando,de Jesus,2017-18,104.0,17.1,126,1660,13,7,360.3,1089.0,9,12,6,0,603.6,204.9,18,473,0.705,0.38,20,1.084,0.488,6,0.325,1.212,48,1,Gabriel Fernando de Jesus
Anthony,Martial,2017-18,78.0,2.6,125,1572,9,6,509.3,748.0,9,13,1,0,535.4,179.5,7,403,0.515,0.344,15,0.859,0.515,1,0.057,1.603,49,1,Anthony Martial
Jack,Butland,2017-18,50.0,2.5,125,3150,0,0,10.0,0.0,6,61,0,0,1013.4,102.5,16,687,0.0,0.0,0,0.0,0.171,0,0.0,2.5,49,1,Jack Butland
Mohamed,Salah,2018-19,132.0,33.9,259,3254,22,12,973.9,2168.0,21,20,1,0,1186.8,432.7,18,687,0.608,0.332,34,0.94,0.581,1,0.028,1.962,1,2,Mohamed Salah
Eden,Hazard,2018-19,110.0,27.2,238,2918,16,15,1471.2,1546.0,12,35,2,0,1306.2,432.7,35,879,0.493,0.463,31,0.956,0.37,2,0.062,2.164,2,2,Eden Hazard
Raheem,Sterling,2018-19,117.0,24.8,234,2770,17,15,937.4,1572.0,17,19,3,0,1060.0,357.1,25,743,0.552,0.487,32,1.04,0.552,3,0.097,2.0,3,2,Raheem Sterling
Sadio,Mané,2018-19,103.0,38.6,231,3076,22,3,692.8,1332.0,19,21,2,0,1015.8,304.0,24,703,0.644,0.088,25,0.731,0.556,2,0.059,2.243,4,2,Sadio Mané
Andrew,Robertson,2018-19,67.0,33.0,213,3216,0,12,767.2,318.0,21,20,4,0,748.8,183.6,29,906,0.0,0.336,12,0.336,0.588,4,0.112,3.179,5,2,Andrew Robertson
Virgil,van Dijk,2018-19,67.0,32.3,208,3384,4,4,111.1,455.0,20,22,1,0,993.6,156.1,22,932,0.106,0.106,8,0.213,0.532,1,0.027,3.104,6,2,Virgil van Dijk
Pierre-Emerick,Aubameyang,2018-19,108.0,18.8,205,2722,22,7,484.6,1429.0,7,42,0,0,984.4,289.6,32,756,0.727,0.231,29,0.959,0.231,0,0.0,1.898,7,2,Pierre-Emerick Aubameyang
Sergio,Agüero,2018-19,120.0,42.7,201,2457,21,11,523.7,1685.0,17,15,4,0,946.6,315.4,26,740,0.769,0.403,32,1.172,0.623,4,0.147,1.675,8,2,Sergio Agüero
Trent,Alexander-Arnold,2018-19,58.0,26.9,185,2460,1,13,837.4,276.0,16,14,3,0,734.4,184.7,25,753,0.037,0.476,14,0.512,0.585,3,0.11,3.19,9,2,Trent Alexander-Arnold
Gylfi,Sigurdsson,2018-19,74.0,8.3,182,3122,13,6,1098.5,1084.0,15,41,3,0,959.8,314.2,20,662,0.375,0.173,19,0.548,0.432,3,0.086,2.459,10,2,Gylfi Sigurdsson
Ryan,Fraser,2018-19,64.0,23.7,181,3165,7,14,1382.4,696.0,9,64,2,0,930.6,301.2,23,751,0.199,0.398,21,0.597,0.256,2,0.057,2.828,11,2,Ryan Fraser
Raúl,Jiménez,2018-19,69.0,33.4,181,3112,13,10,648.5,1428.0,12,40,4,0,788.8,285.4,31,602,0.376,0.289,23,0.665,0.347,4,0.116,2.623,11,2,Raúl Jiménez
Paul,Pogba,2018-19,86.0,33.7,179,3007,13,10,822.3,1246.0,8,43,6,0,1096.8,316.9,19,648,0.389,0.299,23,0.688,0.239,6,0.18,2.081,13,2,Paul Pogba
Aymeric,Laporte,2018-19,63.0,16.7,177,3056,3,3,239.3,278.0,18,21,3,0,790.0,131.2,16,768,0.088,0.088,6,0.177,0.53,3,0.088,2.81,14,2,Aymeric Laporte
Alisson,Ramses Becker,2018-19,59.0,23.4,176,3420,0,0,0.1,0.0,21,22,1,0,677.0,67.6,9,771,0.0,0.0,0,0.0,0.553,1,0.026,2.983,15,2,Alisson Ramses Becker
Jamie,Vardy,2018-19,90.0,10.3,174,2726,18,5,419.9,1206.0,11,36,3,1,822.0,244.6,31,598,0.594,0.165,23,0.759,0.363,5,0.165,1.933,16,2,Jamie Vardy
Ederson,Santana de Moraes,2018-19,57.0,22.9,169,3420,0,1,33.0,0.0,20,23,2,0,535.2,56.8,6,700,0.0,0.026,1,0.026,0.526,2,0.053,2.965,17,2,Ederson Santana de Moraes
Callum,Wilson,2018-19,69.0,20.3,168,2528,14,12,388.4,1137.0,9,47,3,0,737.8,225.0,22,525,0.498,0.427,26,0.926,0.32,3,0.107,2.435,18,2,Callum Wilson
Alexandre,Lacazette,2018-19,94.0,11.4,166,2497,13,12,482.4,1319.0,6,31,2,0,808.0,260.6,20,560,0.469,0.433,25,0.901,0.216,2,0.072,1.766,19,2,Alexandre Lacazette
Luka,Milivojevic,2018-19,65.0,10.6,166,3420,12,2,910.1,473.0,12,53,10,0,1078.2,246.3,24,741,0.316,0.053,14,0.368,0.316,10,0.263,2.554,19,2,Luka Milivojevic
David,Luiz Moreira Marinho,2018-19,58.0,11.7,164,3238,3,2,358.7,363.0,16,36,3,0,859.0,158.0,19,794,0.083,0.056,5,0.139,0.445,3,0.083,2.828,21,2,David Luiz Moreira Marinho
Marcos,Alonso,2018-19,62.0,22.1,161,2759,2,8,520.1,475.0,14,28,6,0,619.0,161.7,21,702,0.065,0.261,10,0.326,0.457,6,0.196,2.597,22,2,Marcos Alonso
Jordan,Pickford,2018-19,49.0,13.3,161,3420,0,0,10.0,0.0,14,46,1,0,776.4,78.5,13,706,0.0,0.0,0,0.0,0.368,1,0.026,3.286,22,2,Jordan Pickford
Christian,Eriksen,2018-19,92.0,7.7,161,2770,8,12,1148.7,801.0,8,37,3,0,876.0,283.0,15,675,0.26,0.39,20,0.65,0.26,3,0.097,1.75,22,2,Christian Eriksen
Roberto,Firmino,2018-19,93.0,14.2,160,2606,12,8,670.1,1240.0,19,15,0,0,774.8,267.8,24,647,0.414,0.276,20,0.691,0.656,0,0.0,1.72,25,2,Roberto Firmino
Harry,Kane,2018-19,126.0,12.4,160,2423,17,6,430.0,1359.0,9,31,5,0,824.6,261.3,24,561,0.631,0.223,23,0.854,0.334,5,0.186,1.27,25,2,Harry Kane
Heung-Min,Son,2018-19,86.0,10.6,159,2033,12,8,508.0,1002.0,10,23,2,1,690.6,219.9,17,489,0.531,0.354,20,0.885,0.443,4,0.177,1.849,27,2,Heung-Min Son
César,Azpilicueta,2018-19,64.0,9.6,158,3402,1,6,525.1,286.0,16,39,4,0,815.0,163.2,11,822,0.026,0.159,7,0.185,0.423,4,0.106,2.469,28,2,César Azpilicueta
Lucas,Digne,2018-19,54.0,10.2,158,2964,4,5,1142.0,300.0,13,38,5,1,883.0,232.7,22,736,0.121,0.152,9,0.273,0.395,7,0.213,2.926,28,2,Lucas Digne
Leroy,Sané,2018-19,93.0,7.3,156,1857,10,12,645.0,1039.0,9,14,1,0,716.8,240.3,13,520,0.485,0.582,22,1.066,0.436,1,0.048,1.677,30,2,Leroy Sané
Felipe Anderson,Pereira Gomes,2018-19,68.0,8.2,155,3045,9,6,1042.4,799.0,7,49,3,0,882.2,272.2,18,619,0.266,0.177,15,0.443,0.207,3,0.089,2.279,31,2,Felipe Anderson Pereira Gomes
Neil,Etheridge,2018-19,46.0,10.2,154,3420,0,0,21.0,0.0,10,69,2,0,1116.8,113.6,18,775,0.0,0.0,0,0.0,0.263,2,0.053,3.348,32,2,Neil Etheridge
Bernardo Mota,Veiga de Carvalho e Silva,2018-19,78.0,13.6,154,2849,7,8,1026.3,1069.0,15,22,3,0,796.4,289.6,17,649,0.221,0.253,15,0.474,0.474,3,0.095,1.974,32,2,Bernardo Mota Veiga de Carvalho e Silva
Richarlison,de Andrade,2018-19,64.0,13.3,153,2662,13,3,350.7,1209.0,11,36,5,1,698.4,224.5,12,400,0.44,0.101,16,0.541,0.372,7,0.237,2.391,34,2,Richarlison de Andrade
Kyle,Walker,2018-19,64.0,12.1,150,2776,1,1,448.4,183.0,18,17,3,0,498.8,113.1,11,684,0.032,0.032,2,0.065,0.584,3,0.097,2.344,35,2,Kyle Walker
Salomón,Rondón,2018-19,59.0,7.7,148,2601,11,8,468.0,1249.0,9,31,1,0,645.6,236.0,20,466,0.381,0.277,19,0.657,0.311,1,0.035,2.508,36,2,Salomón Rondón
Ricardo Domingos,Barbosa Pereira,2018-19,53.0,10.6,146,3123,2,8,517.6,430.0,10,45,7,0,889.0,183.7,22,693,0.058,0.231,10,0.288,0.288,7,0.202,2.755,37,2,Ricardo Domingos Barbosa Pereira
Hugo,Lloris,2018-19,54.0,6.2,145,2970,0,0,0.0,0.0,12,33,0,0,858.2,86.0,10,691,0.0,0.0,0,0.0,0.364,0,0.0,2.685,38,2,Hugo Lloris
Matt,Doherty,2018-19,53.0,21.9,144,3141,4,7,547.4,711.0,8,41,5,0,758.8,201.6,12,596,0.115,0.201,11,0.315,0.229,5,0.143,2.717,39,2,Matt Doherty
Wilfried,Zaha,2018-19,70.0,15.6,143,3037,10,11,753.3,1200.0,11,49,8,1,752.8,270.6,13,459,0.296,0.326,21,0.622,0.326,10,0.296,2.043,40,2,Wilfried Zaha
David,Silva,2018-19,85.0,4.4,143,2399,6,8,1150.3,1092.0,16,14,2,0,715.2,295.8,14,614,0.225,0.3,14,0.525,0.6,2,0.075,1.682,40,2,David Silva
Lukasz,Fabianski,2018-19,47.0,14.3,143,3420,0,0,20.0,0.0,7,55,0,0,1136.0,115.5,15,742,0.0,0.0,0,0.0,0.184,0,0.0,3.043,40,2,Lukasz Fabianski
Kepa,Arrizabalaga,2018-19,54.0,4.9,142,3240,0,0,0.1,0.0,14,39,2,0,681.0,68.0,7,685,0.0,0.0,0,0.0,0.389,2,0.056,2.63,43,2,Kepa Arrizabalaga
Joshua,King,2018-19,64.0,5.1,141,2963,12,3,535.7,1058.0,10,57,3,0,655.4,223.8,20,457,0.364,0.091,15,0.456,0.304,3,0.091,2.203,44,2,Joshua King
Ayoze,Pérez,2018-19,61.0,3.4,141,2916,12,2,585.6,954.0,11,35,2,0,783.6,232.1,19,541,0.37,0.062,14,0.432,0.34,2,0.062,2.311,44,2,Ayoze Pérez
Patrick,van Aanholt,2018-19,55.0,5.7,140,3196,3,2,520.4,448.0,12,46,3,0,616.0,158.7,17,626,0.084,0.056,5,0.141,0.338,3,0.084,2.545,46,2,Patrick van Aanholt
Diogo,Jota,2018-19,63.0,8.5,139,2352,9,8,402.5,888.0,10,29,11,0,559.6,185.0,13,386,0.344,0.306,17,0.651,0.383,11,0.421,2.206,47,2,Diogo Jota
James,Maddison,2018-19,66.0,5.2,137,2831,7,7,1515.0,769.0,8,44,3,1,801.4,308.4,12,619,0.223,0.223,14,0.445,0.254,5,0.159,2.076,48,2,James Maddison
Nathan,Redmond,2018-19,55.0,6.9,137,3272,6,5,802.3,950.0,9,58,3,0,665.4,241.4,12,433,0.165,0.138,11,0.303,0.248,3,0.083,2.491,48,2,Nathan Redmond
Andros,Townsend,2018-19,56.0,3.5,135,3007,6,5,928.5,622.0,11,46,1,0,743.0,229.6,8,520,0.18,0.15,11,0.329,0.329,1,0.03,2.411,50,2,Andros Townsend
Kevin,De Bruyne,2019-20,106.0,48.9,251,2790,13,23,1990.8,1005.0,18,22,3,0,1322.2,432.1,35,988,0.419,0.742,36,1.161,0.581,3,0.097,2.368,1,3,Kevin De Bruyne
Mohamed,Salah,2019-20,125.0,32.4,233,2879,19,10,834.8,2156.0,16,26,1,0,1061.2,405.1,26,661,0.594,0.313,29,0.907,0.5,1,0.031,1.864,2,3,Mohamed Salah
Sadio,Mané,2019-20,121.0,19.7,221,2745,18,10,826.6,1239.0,12,28,3,0,1010.2,307.7,27,689,0.59,0.328,28,0.918,0.393,3,0.098,1.826,3,3,Sadio Mané
Jamie,Vardy,2019-20,97.0,27.2,210,3032,23,7,418.4,1455.0,11,38,3,0,1026.0,288.8,34,775,0.683,0.208,30,0.891,0.327,3,0.089,2.165,4,3,Jamie Vardy
Trent,Alexander-Arnold,2019-20,77.0,39.1,210,3173,4,15,1380.3,420.0,14,32,5,0,1026.8,282.8,24,904,0.113,0.425,19,0.539,0.397,5,0.142,2.727,4,3,Trent Alexander-Arnold
Pierre-Emerick,Aubameyang,2019-20,109.0,22.4,205,3136,22,5,479.6,1369.0,10,44,3,1,1006.0,285.2,37,807,0.631,0.143,27,0.775,0.287,5,0.143,1.881,6,3,Pierre-Emerick Aubameyang
Raheem,Sterling,2019-20,120.0,23.2,204,2651,20,6,751.3,1829.0,13,31,5,0,921.6,350.2,20,642,0.679,0.204,26,0.883,0.441,5,0.17,1.7,7,3,Raheem Sterling
Anthony,Martial,2019-20,85.0,22.5,200,2625,17,9,439.3,1297.0,14,27,1,0,855.6,259.4,14,544,0.583,0.309,26,0.891,0.48,1,0.034,2.353,8,3,Anthony Martial
Danny,Ings,2019-20,76.0,31.4,198,2800,22,2,458.3,1558.0,6,44,3,0,1010.0,302.4,40,736,0.707,0.064,24,0.771,0.193,3,0.096,2.605,9,3,Danny Ings
Raúl,Jiménez,2019-20,80.0,29.5,194,3241,17,7,668.2,1680.0,15,36,3,0,911.6,325.4,33,685,0.472,0.194,24,0.666,0.417,3,0.083,2.425,10,3,Raúl Jiménez
Andrew,Robertson,2019-20,70.0,18.1,181,3111,2,12,980.2,389.0,13,31,2,0,845.8,221.7,20,847,0.058,0.347,14,0.405,0.376,2,0.058,2.586,11,3,Andrew Robertson
Virgil,van Dijk,2019-20,65.0,42.4,178,3420,5,2,152.4,467.0,15,33,1,0,930.2,154.8,14,804,0.132,0.053,7,0.184,0.395,1,0.026,2.738,12,3,Virgil van Dijk
Marcus,Rashford,2019-20,89.0,18.1,177,2645,17,8,563.7,1265.0,9,29,3,0,887.0,271.7,31,665,0.578,0.272,25,0.851,0.306,3,0.102,1.989,13,3,Marcus Rashford
Riyad,Mahrez,2019-20,86.0,10.1,175,1934,11,14,885.8,1094.0,10,15,0,0,814.2,279.5,17,668,0.512,0.651,25,1.163,0.465,0,0.0,2.035,14,3,Riyad Mahrez
Nick,Pope,2019-20,52.0,23.1,170,3420,0,0,30.3,2.0,15,50,1,0,900.0,93.1,23,789,0.0,0.0,0,0.0,0.395,1,0.026,3.269,15,3,Nick Pope
Heung-Min,Son,2019-20,97.0,8.5,169,2478,11,13,606.1,1144.0,7,32,0,2,800.6,254.6,18,544,0.4,0.472,24,0.872,0.254,4,0.145,1.742,16,3,Heung-Min Son
Willian,Borges Da Silva,2019-20,73.0,10.7,168,2595,9,9,1177.7,930.0,10,35,4,0,834.8,294.6,26,698,0.312,0.312,18,0.624,0.347,4,0.139,2.301,17,3,Willian Borges Da Silva
Matt,Doherty,2019-20,65.0,12.7,167,2836,4,8,340.5,681.0,12,31,1,0,576.2,160.0,15,590,0.127,0.254,12,0.381,0.381,1,0.032,2.569,18,3,Matt Doherty
Richarlison,de Andrade,2019-20,82.0,9.2,165,3070,13,5,478.1,1233.0,9,51,8,0,814.6,252.3,13,519,0.381,0.147,18,0.528,0.264,8,0.235,2.012,19,3,Richarlison de Andrade
Dean,Henderson,2019-20,52.0,15.7,160,3240,0,1,10.0,18.0,13,33,2,0,718.8,74.8,16,688,0.0,0.028,1,0.028,0.361,2,0.056,3.077,20,3,Dean Henderson
Harry,Kane,2019-20,110.0,13.1,158,2588,18,2,391.0,1071.0,6,36,4,0,843.8,230.6,26,587,0.626,0.07,20,0.696,0.209,4,0.139,1.436,21,3,Harry Kane
Kasper,Schmeichel,2019-20,55.0,12.8,156,3420,0,0,30.0,2.0,13,41,2,0,863.4,89.6,10,707,0.0,0.0,0,0.0,0.342,2,0.053,2.836,22,3,Kasper Schmeichel
Roberto,Firmino,2019-20,93.0,10.1,155,2985,9,9,703.0,1638.0,16,26,0,0,733.6,307.5,20,592,0.271,0.271,18,0.543,0.482,0,0.0,1.667,23,3,Roberto Firmino
Tammy,Abraham,2019-20,73.0,14.0,153,2206,15,6,283.2,1301.0,7,34,2,0,659.6,223.3,20,461,0.612,0.245,21,0.857,0.286,2,0.082,2.096,24,3,Tammy Abraham
Rui Pedro,dos Santos Patrício,2019-20,53.0,9.9,153,3420,0,0,0.0,0.0,13,40,0,0,741.0,74.3,8,680,0.0,0.0,0,0.0,0.342,0,0.0,2.887,24,3,Rui Pedro dos Santos Patrício
Jack,Grealish,2019-20,59.0,14.4,149,3233,8,7,1209.2,837.0,7,63,8,0,826.6,287.0,19,601,0.223,0.195,15,0.418,0.195,8,0.223,2.525,26,3,Jack Grealish
Gabriel Fernando,de Jesus,2019-20,99.0,8.2,146,2018,14,8,447.7,1620.0,12,14,3,0,757.6,282.1,17,535,0.624,0.357,22,0.981,0.535,3,0.134,1.475,27,3,Gabriel Fernando de Jesus
John,Lundstram,2019-20,46.0,28.8,144,2452,5,4,382.9,449.0,10,29,5,0,502.8,133.9,15,539,0.184,0.147,9,0.33,0.367,5,0.184,3.13,28,3,John Lundstram
James,Tarkowski,2019-20,55.0,9.3,143,3420,2,3,167.1,410.0,15,50,10,0,919.8,149.9,14,690,0.053,0.079,5,0.132,0.395,10,0.263,2.6,29,3,James Tarkowski
David,de Gea,2019-20,53.0,11.5,143,3420,0,0,0.0,0.0,13,36,2,0,695.0,69.2,8,630,0.0,0.0,0,0.0,0.342,2,0.053,2.698,29,3,David de Gea
Martin,Dubravka,2019-20,51.0,2.0,143,3420,0,0,0.0,0.0,11,58,0,0,1019.0,102.0,7,719,0.0,0.0,0,0.0,0.289,0,0.0,2.804,29,3,Martin Dubravka
Enda,Stevens,2019-20,52.0,4.6,142,3345,2,4,554.5,338.0,13,39,7,0,641.0,153.5,8,639,0.054,0.108,6,0.161,0.35,7,0.188,2.731,32,3,Enda Stevens
George,Baldock,2019-20,50.0,11.6,142,3420,2,4,485.7,241.0,13,39,7,0,559.8,128.6,7,602,0.053,0.105,6,0.158,0.342,7,0.184,2.84,32,3,George Baldock
David,Silva,2019-20,75.0,9.1,139,1821,6,12,735.8,937.0,11,15,0,0,639.6,231.2,15,549,0.297,0.593,18,0.89,0.544,0,0.0,1.853,34,3,David Silva
Teemu,Pukki,2019-20,64.0,11.4,139,2884,11,3,379.5,1202.0,6,59,3,0,545.0,211.8,21,444,0.343,0.094,14,0.437,0.187,3,0.094,2.172,34,3,Teemu Pukki
Mason,Mount,2019-20,60.0,12.7,137,2865,7,6,814.0,974.0,9,44,3,0,641.2,242.8,11,510,0.22,0.188,13,0.408,0.283,3,0.094,2.283,36,3,Mason Mount
Vicente,Guaita,2019-20,49.0,1.6,137,3150,0,0,0.0,0.0,10,42,1,0,827.2,82.6,16,643,0.0,0.0,0,0.0,0.286,1,0.029,2.796,36,3,Vicente Guaita
Ben,Foster,2019-20,49.0,3.6,137,3420,0,0,10.1,17.0,9,64,1,0,904.6,93.5,17,686,0.0,0.0,0,0.0,0.237,1,0.026,2.796,36,3,Ben Foster
Chris,Wood,2019-20,62.0,2.4,136,2436,14,1,299.6,1070.0,11,33,1,0,552.2,190.8,21,384,0.517,0.037,15,0.554,0.406,1,0.037,2.194,39,3,Chris Wood
Mathew,Ryan,2019-20,47.0,11.5,135,3420,0,0,0.0,0.0,9,54,0,0,1000.0,100.1,14,754,0.0,0.0,0,0.0,0.237,0,0.0,2.872,40,3,Mathew Ryan
Harvey,Barnes,2019-20,58.0,2.1,133,2075,6,10,517.4,893.0,9,24,0,0,525.0,193.7,9,394,0.26,0.434,16,0.694,0.39,0,0.0,2.293,41,3,Harvey Barnes
Ederson,Santana de Moraes,2019-20,61.0,13.4,133,3071,0,0,16.0,0.0,16,31,3,1,608.6,62.3,2,645,0.0,0.0,0,0.0,0.469,5,0.147,2.18,41,3,Ederson Santana de Moraes
John,Egan,2019-20,47.0,7.1,133,3187,2,1,25.4,587.0,13,33,3,1,641.4,125.4,9,592,0.056,0.028,3,0.085,0.367,5,0.141,2.83,41,3,John Egan
Jordan,Ayew,2019-20,51.0,7.3,132,3148,9,3,445.6,885.0,12,45,6,0,597.4,192.4,19,443,0.257,0.086,12,0.343,0.343,6,0.172,2.588,44,3,Jordan Ayew
Sergio,Agüero,2019-20,116.0,11.8,132,1449,16,6,256.4,1188.0,5,18,1,0,641.2,208.2,14,509,0.994,0.373,22,1.366,0.311,1,0.062,1.138,44,3,Sergio Agüero
Neal,Maupay,2019-20,57.0,1.8,131,2763,10,3,369.2,1519.0,8,36,3,0,518.6,240.5,21,361,0.326,0.098,13,0.423,0.261,3,0.098,2.298,46,3,Neal Maupay
César,Azpilicueta,2019-20,61.0,8.8,130,3229,2,6,708.7,438.0,8,53,1,0,905.2,205.4,16,700,0.056,0.167,8,0.223,0.223,1,0.028,2.131,47,3,César Azpilicueta
Adama,Traoré,2019-20,56.0,13.2,130,2599,4,9,786.4,583.0,7,33,1,0,727.2,209.7,14,522,0.139,0.312,13,0.45,0.242,1,0.035,2.321,47,3,Adama Traoré
Ayoze,Pérez,2019-20,60.0,5.0,129,1998,8,5,443.9,779.0,9,25,0,0,547.4,177.3,9,402,0.36,0.225,13,0.586,0.405,0,0.0,2.15,49,3,Ayoze Pérez
Lewis,Dunk,2019-20,48.0,12.5,128,3230,3,3,171.8,469.0,9,50,9,0,825.6,146.8,17,674,0.084,0.084,6,0.167,0.251,9,0.251,2.667,50,3,Lewis Dunk
Bruno Miguel,Borges Fernandes,2020-21,113.0,48.7,244,3101,18,14,1414.9,1253.0,13,36,6,0,1292.6,396.2,36,870,0.522,0.406,32,0.929,0.377,6,0.174,2.159,1,4,Bruno Miguel Borges Fernandes
Harry,Kane,2020-21,119.0,44.5,242,3083,23,14,659.1,1585.0,12,39,1,0,1318.2,355.9,40,880,0.671,0.409,37,1.08,0.35,1,0.029,2.034,2,4,Harry Kane
Mohamed,Salah,2020-21,129.0,43.6,231,3077,22,6,825.7,1980.0,11,41,0,0,1056.0,385.8,21,657,0.643,0.175,28,0.819,0.322,0,0.0,1.791,3,4,Mohamed Salah
Heung-Min,Son,2020-21,96.0,44.2,228,3119,17,11,1049.9,1046.0,13,36,0,0,1052.2,315.2,26,777,0.491,0.317,28,0.808,0.375,0,0.0,2.375,4,4,Heung-Min Son
Patrick,Bamford,2020-21,66.0,45.2,194,3052,17,11,371.0,1512.0,10,50,3,0,867.2,274.6,26,631,0.501,0.324,28,0.826,0.295,3,0.088,2.939,5,4,Patrick Bamford
Jamie,Vardy,2020-21,102.0,17.5,187,2838,15,14,356.6,1306.0,8,44,1,0,819.2,248.3,23,649,0.476,0.444,29,0.92,0.254,1,0.032,1.833,6,4,Jamie Vardy
Emiliano,Martínez,2020-21,53.0,37.9,186,3420,0,0,20.0,0.0,15,46,1,0,1067.2,108.5,27,825,0.0,0.0,0,0.0,0.395,1,0.026,3.509,7,4,Emiliano Martínez
Sadio,Mané,2020-21,118.0,8.2,176,2808,11,11,809.7,1535.0,12,28,3,0,808.8,315.5,14,513,0.353,0.353,22,0.705,0.385,3,0.096,1.492,8,4,Sadio Mané
Marcus,Rashford,2020-21,96.0,10.2,174,2917,11,11,682.1,1127.0,12,39,4,0,793.2,260.3,9,535,0.339,0.339,22,0.679,0.37,4,0.123,1.812,9,4,Marcus Rashford
Stuart,Dallas,2020-21,55.0,33.1,171,3410,8,3,454.6,527.0,12,53,7,0,756.8,174.2,15,726,0.211,0.079,11,0.29,0.317,7,0.185,3.109,10,4,Stuart Dallas
Ollie,Watkins,2020-21,63.0,22.1,168,3328,14,9,610.4,1721.0,14,46,2,1,815.4,314.0,18,531,0.379,0.243,23,0.622,0.379,4,0.108,2.667,11,4,Ollie Watkins
Dominic,Calvert-Lewin,2020-21,75.0,29.5,165,2871,16,6,308.0,1439.0,11,39,3,0,745.8,249.0,21,528,0.502,0.188,22,0.69,0.345,3,0.094,2.2,12,4,Dominic Calvert-Lewin
Andrew,Robertson,2020-21,73.0,16.5,161,3384,1,8,1129.3,359.0,12,42,2,0,754.4,224.5,19,834,0.027,0.213,9,0.239,0.319,2,0.053,2.205,13,4,Andrew Robertson
Jack,Harrison,2020-21,56.0,7.6,160,2846,8,10,821.7,666.0,11,45,2,0,759.2,225.2,15,542,0.253,0.316,18,0.569,0.348,2,0.063,2.857,14,4,Jack Harrison
Trent,Alexander-Arnold,2020-21,78.0,27.1,160,3029,2,8,1238.8,529.0,10,40,2,0,789.6,255.7,26,761,0.059,0.238,10,0.297,0.297,2,0.059,2.051,14,4,Trent Alexander-Arnold
Ederson,Santana de Moraes,2020-21,61.0,9.4,160,3240,0,1,10.0,0.0,19,28,3,0,586.0,59.6,3,696,0.0,0.028,1,0.028,0.528,3,0.083,2.623,14,4,Ederson Santana de Moraes
Ilkay,Gündogan,2020-21,55.0,17.1,157,2025,13,4,688.4,712.0,12,16,1,0,754.6,215.7,22,620,0.578,0.178,17,0.756,0.533,1,0.044,2.855,17,4,Ilkay Gündogan
James,Ward-Prowse,2020-21,59.0,11.7,156,3420,8,7,971.2,355.0,9,68,5,0,940.0,226.5,17,772,0.211,0.184,15,0.395,0.237,5,0.132,2.644,18,4,James Ward-Prowse
Illan,Meslier,2020-21,48.0,8.5,154,3150,0,0,10.0,0.0,11,52,0,0,1026.0,103.7,20,774,0.0,0.0,0,0.0,0.314,0,0.0,3.208,19,4,Illan Meslier
Raheem,Sterling,2020-21,109.0,4.3,154,2534,10,9,584.1,1366.0,14,23,4,0,663.4,260.3,10,458,0.355,0.32,19,0.675,0.497,4,0.142,1.413,19,4,Raheem Sterling
Matheus,Pereira,2020-21,54.0,5.0,153,2574,11,7,873.6,661.0,6,58,2,1,744.0,227.9,15,565,0.385,0.245,18,0.629,0.21,4,0.14,2.833,21,4,Matheus Pereira
Aaron,Cresswell,2020-21,57.0,18.2,153,3170,0,11,898.6,96.0,11,41,3,0,669.4,166.8,21,730,0.0,0.312,11,0.312,0.312,3,0.085,2.684,21,4,Aaron Cresswell
Hugo,Lloris,2020-21,56.0,6.6,149,3420,0,0,0.0,0.0,12,45,0,0,868.0,86.7,13,702,0.0,0.0,0,0.0,0.316,0,0.0,2.661,23,4,Hugo Lloris
Mason,Mount,2020-21,73.0,17.3,147,2887,6,7,1336.9,954.0,14,32,2,0,770.4,306.3,16,599,0.187,0.218,13,0.405,0.436,2,0.062,2.014,24,4,Mason Mount
Tomas,Soucek,2020-21,52.0,11.2,147,3420,10,2,271.1,925.0,11,47,7,1,889.8,208.8,16,555,0.263,0.053,12,0.316,0.289,9,0.237,2.827,24,4,Tomas Soucek
Riyad,Mahrez,2020-21,81.0,6.4,145,1945,9,8,693.6,893.0,11,22,0,0,606.0,219.1,15,505,0.416,0.37,17,0.787,0.509,0,0.0,1.79,26,4,Riyad Mahrez
Nick,Pope,2020-21,55.0,9.6,144,2880,0,0,20.0,2.0,11,37,1,0,846.6,86.8,20,652,0.0,0.0,0,0.0,0.344,1,0.031,2.618,27,4,Nick Pope
Aaron,Wan-Bissaka,2020-21,58.0,18.8,144,3060,2,5,498.2,159.0,13,36,3,0,785.4,144.1,11,729,0.059,0.147,7,0.206,0.382,3,0.088,2.483,27,4,Aaron Wan-Bissaka
Rúben Santos,Gato Alves Dias,2020-21,59.0,19.9,142,2843,1,1,91.0,218.0,17,21,4,0,651.6,96.3,12,656,0.032,0.032,2,0.063,0.538,4,0.127,2.407,29,4,Rúben Santos Gato Alves Dias
Roberto,Firmino,2020-21,91.0,5.7,141,2837,9,8,643.2,1415.0,10,39,2,0,729.4,278.8,15,615,0.286,0.254,17,0.539,0.317,2,0.063,1.549,30,4,Roberto Firmino
Kevin,De Bruyne,2020-21,118.0,11.9,141,1995,6,12,1170.1,914.0,12,17,1,0,760.8,284.7,19,566,0.271,0.541,18,0.812,0.541,1,0.045,1.195,30,4,Kevin De Bruyne
Jarrod,Bowen,2020-21,58.0,2.5,141,2556,8,6,493.5,812.0,9,33,0,0,529.8,183.7,8,434,0.282,0.211,14,0.493,0.317,0,0.0,2.431,30,4,Jarrod Bowen
Edouard,Mendy,2020-21,53.0,10.9,140,2745,0,0,0.0,0.0,16,25,2,0,470.2,47.2,8,613,0.0,0.0,0,0.0,0.525,2,0.066,2.642,33,4,Edouard Mendy
Alisson,Ramses Becker,2020-21,60.0,8.3,140,2970,1,0,0.1,17.0,10,32,1,0,776.4,79.4,13,660,0.03,0.0,1,0.03,0.303,1,0.03,2.333,33,4,Alisson Ramses Becker
Sam,Johnstone,2020-21,46.0,3.0,140,3330,0,1,10.0,0.0,6,74,1,0,1213.6,122.4,19,768,0.0,0.027,1,0.027,0.162,1,0.027,3.043,33,4,Sam Johnstone
Benjamin,Chilwell,2020-21,59.0,14.6,139,2286,3,6,535.8,408.0,12,23,3,0,545.0,148.5,11,549,0.118,0.236,9,0.354,0.472,3,0.118,2.356,36,4,Benjamin Chilwell
Matt,Targett,2020-21,50.0,12.0,138,3404,0,4,607.0,122.0,16,44,7,0,690.4,142.2,9,710,0.0,0.106,4,0.106,0.423,7,0.185,2.76,37,4,Matt Targett
Chris,Wood,2020-21,66.0,5.6,138,2741,12,3,323.2,1129.0,9,43,0,0,595.8,204.0,16,395,0.394,0.099,15,0.493,0.296,0,0.0,2.091,37,4,Chris Wood
João Pedro Cavaco,Cancelo,2020-21,58.0,10.6,138,2298,2,4,673.0,394.0,14,21,5,1,569.8,163.7,18,610,0.078,0.157,6,0.235,0.548,7,0.274,2.379,37,4,João Pedro Cavaco Cancelo
Che,Adams,2020-21,57.0,4.1,137,2662,9,7,488.6,964.0,7,51,1,0,581.8,203.4,16,443,0.304,0.237,16,0.541,0.237,1,0.034,2.404,40,4,Che Adams
Wilfried,Zaha,2020-21,71.0,9.9,136,2612,11,4,428.5,1003.0,6,52,6,0,572.6,200.4,11,362,0.379,0.138,15,0.517,0.207,6,0.207,1.915,41,4,Wilfried Zaha
Jack,Grealish,2020-21,75.0,14.6,135,2183,6,12,1029.6,917.0,12,28,6,0,707.4,265.3,13,531,0.247,0.495,18,0.742,0.495,6,0.247,1.8,42,4,Jack Grealish
Bertrand,Traoré,2020-21,58.0,0.7,135,2315,7,7,530.6,917.0,11,31,1,0,528.4,197.6,7,407,0.272,0.272,14,0.544,0.428,1,0.039,2.328,42,4,Bertrand Traoré
Phil,Foden,2020-21,61.0,9.8,135,1607,9,8,545.8,734.0,6,16,0,0,580.8,186.0,17,479,0.504,0.448,17,0.952,0.336,0,0.0,2.213,42,4,Phil Foden
Callum,Wilson,2020-21,65.0,5.1,134,2081,12,6,230.4,761.0,5,37,2,0,557.4,154.7,22,409,0.519,0.259,18,0.778,0.216,2,0.086,2.062,45,4,Callum Wilson
Youri,Tielemans,2020-21,64.0,3.8,133,3356,6,4,788.2,462.0,11,50,6,0,840.4,209.1,11,633,0.161,0.107,10,0.268,0.295,6,0.161,2.078,46,4,Youri Tielemans
James,Maddison,2020-21,72.0,5.5,133,2093,8,7,770.3,668.0,10,28,4,0,588.4,202.5,12,473,0.344,0.301,15,0.645,0.43,4,0.172,1.847,46,4,James Maddison
Raphael,Dias Belloli,2020-21,56.0,9.4,133,2358,6,10,889.3,902.0,9,34,3,0,719.6,251.3,11,489,0.229,0.382,16,0.611,0.344,3,0.115,2.375,46,4,Raphael Dias Belloli
Lukasz,Fabianski,2020-21,50.0,3.2,133,3150,0,0,0.0,0.0,10,44,2,0,745.2,74.4,11,634,0.0,0.0,0,0.0,0.286,2,0.057,2.66,46,4,Lukasz Fabianski
Leandro,Trossard,2020-21,55.0,1.8,132,2602,5,6,725.1,759.0,12,30,2,0,543.4,202.8,15,406,0.173,0.208,11,0.38,0.415,2,0.069,2.4,50,4,Leandro Trossard
Mohamed,Salah,2021-22,131.0,41.0,265,2758,23,14,874.1,2091.0,17,22,1,0,1203.8,417.0,29,756,0.751,0.457,37,1.207,0.555,1,0.033,2.023,1,5,Mohamed Salah
Heung-Min,Son,2021-22,112.0,35.6,258,3009,23,10,1037.8,1211.0,18,30,2,0,1128.6,338.2,27,819,0.688,0.299,33,0.987,0.538,2,0.06,2.304,2,5,Heung-Min Son
Trent,Alexander-Arnold,2021-22,84.0,37.9,208,2853,2,12,1362.8,478.0,18,22,2,0,837.2,268.1,32,864,0.063,0.379,14,0.442,0.568,2,0.063,2.476,3,5,Trent Alexander-Arnold
Jarrod,Bowen,2021-22,69.0,15.0,206,2987,12,17,624.6,1201.0,8,46,6,0,819.4,264.7,24,586,0.362,0.512,29,0.874,0.241,6,0.181,2.986,4,5,Jarrod Bowen
João Pedro Cavaco,Cancelo,2021-22,72.0,41.4,201,3227,1,11,750.1,797.0,19,25,7,0,778.6,232.8,27,829,0.028,0.307,12,0.335,0.53,7,0.195,2.792,5,5,João Pedro Cavaco Cancelo
Kevin,De Bruyne,2021-22,121.0,18.6,196,2196,15,8,1147.6,845.0,13,22,2,0,973.4,296.8,33,732,0.615,0.328,23,0.943,0.533,2,0.082,1.62,6,5,Kevin De Bruyne
Harry,Kane,2021-22,125.0,23.4,192,3231,17,11,637.9,1701.0,14,40,5,0,969.4,330.4,23,684,0.474,0.306,28,0.78,0.39,5,0.139,1.536,7,5,Harry Kane
Andrew,Robertson,2021-22,73.0,11.6,186,2537,3,11,882.7,329.0,17,20,5,1,660.2,187.4,23,770,0.106,0.39,14,0.497,0.603,7,0.248,2.548,8,5,Andrew Robertson
Virgil,van Dijk,2021-22,68.0,17.8,183,3060,3,3,150.3,455.0,21,21,3,0,726.4,133.1,13,803,0.088,0.088,6,0.176,0.618,3,0.088,2.691,9,5,Virgil van Dijk
Sadio,Mané,2021-22,118.0,4.8,183,2818,16,5,592.5,1533.0,17,24,5,0,763.2,288.7,10,526,0.511,0.16,21,0.671,0.543,5,0.16,1.551,9,5,Sadio Mané
James,Maddison,2021-22,69.0,16.3,181,2454,12,11,664.1,753.0,5,41,3,0,767.4,218.3,24,637,0.44,0.403,23,0.844,0.183,3,0.11,2.623,11,5,James Maddison
Bukayo,Saka,2021-22,67.0,28.8,179,2978,11,9,942.5,1404.0,13,39,6,0,774.2,311.8,18,566,0.332,0.272,20,0.604,0.393,6,0.181,2.672,12,5,Bukayo Saka
Alisson,Ramses Becker,2021-22,61.0,9.4,176,3240,0,1,10.0,0.0,20,24,0,0,688.0,69.8,15,782,0.0,0.028,1,0.028,0.556,0,0.0,2.885,13,5,Alisson Ramses Becker
Diogo,Jota,2021-22,83.0,17.3,175,2357,15,7,535.5,1327.0,14,19,3,0,734.8,258.8,8,483,0.573,0.267,22,0.84,0.535,3,0.115,2.108,14,5,Diogo Jota
Joel,Matip,2021-22,53.0,10.1,170,2790,3,3,170.6,478.0,17,21,2,0,678.6,132.8,20,763,0.097,0.097,6,0.194,0.548,2,0.065,3.208,15,5,Joel Matip
Mason,Mount,2021-22,77.0,21.9,169,2358,11,11,914.8,931.0,11,25,4,0,812.8,265.8,16,597,0.42,0.42,22,0.84,0.42,4,0.153,2.195,16,5,Mason Mount
Raheem,Sterling,2021-22,105.0,2.6,163,2121,13,7,588.2,1184.0,13,17,1,0,709.8,248.4,15,468,0.552,0.297,20,0.849,0.552,1,0.042,1.552,17,5,Raheem Sterling
Aymeric,Laporte,2021-22,60.0,11.0,160,2830,4,2,197.4,331.0,18,24,5,1,641.0,116.7,8,714,0.127,0.064,6,0.191,0.572,7,0.223,2.667,18,5,Aymeric Laporte
Cristiano Ronaldo,dos Santos Aveiro,2021-22,122.0,18.1,159,2454,18,3,421.9,1535.0,8,41,8,0,800.4,274.6,29,608,0.66,0.11,21,0.77,0.293,8,0.293,1.303,19,5,Cristiano Ronaldo dos Santos Aveiro
James,Ward-Prowse,2021-22,64.0,5.3,159,3215,10,5,1159.6,394.0,7,65,3,1,933.6,248.9,21,769,0.28,0.14,15,0.42,0.196,5,0.14,2.484,19,5,James Ward-Prowse
Hugo,Lloris,2021-22,55.0,8.5,158,3420,0,0,23.0,0.0,16,40,2,0,743.6,76.6,11,703,0.0,0.0,0,0.0,0.421,2,0.053,2.873,21,5,Hugo Lloris
Ederson,Santana de Moraes,2021-22,62.0,12.1,155,3330,0,0,0.0,0.0,20,26,3,0,556.0,55.6,4,701,0.0,0.0,0,0.0,0.541,3,0.081,2.5,22,5,Ederson Santana de Moraes
Bernardo Mota,Veiga de Carvalho e Silva,2021-22,70.0,14.0,155,2856,8,8,849.7,950.0,16,23,6,0,729.6,253.5,15,663,0.252,0.252,16,0.504,0.504,6,0.189,2.214,22,5,Bernardo Mota Veiga de Carvalho e Silva
Bruno Miguel,Borges Fernandes,2021-22,116.0,13.5,151,3110,10,7,1275.5,853.0,8,54,10,0,901.0,303.3,15,626,0.289,0.203,17,0.492,0.232,10,0.289,1.302,24,5,Bruno Miguel Borges Fernandes
Antonio,Rüdiger,2021-22,61.0,18.8,150,3035,3,3,257.4,484.0,15,27,9,0,581.6,132.3,10,661,0.089,0.089,6,0.178,0.445,9,0.267,2.459,25,5,Antonio Rüdiger
Wilfried,Zaha,2021-22,69.0,8.5,150,2759,14,2,630.6,963.0,11,34,4,1,732.2,232.5,11,422,0.457,0.065,16,0.522,0.359,6,0.196,2.174,25,5,Wilfried Zaha
Matthew,Cash,2021-22,53.0,11.5,147,3377,4,3,432.1,517.0,13,50,8,0,709.0,165.8,11,623,0.107,0.08,7,0.187,0.346,8,0.213,2.774,27,5,Matthew Cash
Gabriel,Magalhães,2021-22,53.0,7.4,146,3063,5,0,129.3,453.0,13,38,6,1,703.0,128.4,16,682,0.147,0.0,5,0.147,0.382,8,0.235,2.755,28,5,Gabriel Magalhães
José,Malheiro de Sá,2021-22,52.0,8.3,146,3285,0,1,30.0,0.0,11,40,3,0,938.8,96.7,11,722,0.0,0.027,1,0.027,0.301,3,0.082,2.808,28,5,José Malheiro de Sá
Raphael,Dias Belloli,2021-22,63.0,11.6,145,2916,11,4,898.8,872.0,5,68,7,0,728.2,250.1,14,457,0.34,0.123,15,0.463,0.154,7,0.216,2.302,30,5,Raphael Dias Belloli
Teemu,Pukki,2021-22,61.0,9.6,142,3253,11,3,355.7,1049.0,6,79,4,0,527.4,193.2,19,441,0.304,0.083,14,0.387,0.166,4,0.111,2.328,31,5,Teemu Pukki
Leandro,Trossard,2021-22,59.0,2.8,141,2803,8,4,708.3,1020.0,11,33,2,0,627.6,235.4,16,465,0.257,0.128,12,0.385,0.353,2,0.064,2.39,32,5,Leandro Trossard
Reece,James,2021-22,65.0,19.1,141,1863,5,9,696.1,436.0,7,22,4,1,582.0,171.5,26,573,0.242,0.435,14,0.676,0.338,6,0.29,2.169,32,5,Reece James
Rúben Santos,Gato Alves Dias,2021-22,62.0,15.5,141,2401,2,5,225.2,268.0,14,18,5,0,581.2,107.6,12,622,0.075,0.187,7,0.262,0.525,5,0.187,2.274,32,5,Rúben Santos Gato Alves Dias
Conor,Gallagher,2021-22,60.0,11.2,140,2843,8,6,611.1,671.0,11,38,10,0,665.2,194.5,16,469,0.253,0.19,14,0.443,0.348,10,0.317,2.333,35,5,Conor Gallagher
Michail,Antonio,2021-22,73.0,24.3,140,2975,10,10,613.5,1263.0,7,43,6,1,611.6,247.6,14,441,0.303,0.303,20,0.605,0.212,8,0.242,1.918,35,5,Michail Antonio
Ivan,Toney,2021-22,69.0,18.8,139,2908,12,5,572.0,1284.0,8,47,8,0,717.8,257.4,19,502,0.371,0.155,17,0.526,0.248,8,0.248,2.014,37,5,Ivan Toney
Saïd,Benrahma,2021-22,59.0,10.7,138,2162,8,6,476.4,737.0,9,27,0,0,561.0,177.6,15,441,0.333,0.25,14,0.583,0.375,0,0.0,2.339,38,5,Saïd Benrahma
Conor,Coady,2021-22,47.0,13.4,138,3361,4,0,45.4,202.0,11,43,4,0,737.2,98.8,10,688,0.107,0.0,4,0.107,0.295,4,0.107,2.936,38,5,Conor Coady
Harvey,Barnes,2021-22,65.0,4.2,137,2095,6,12,413.0,975.0,8,30,2,0,525.2,191.0,10,377,0.258,0.516,18,0.773,0.344,2,0.086,2.108,40,5,Harvey Barnes
Phil,Foden,2021-22,79.0,7.6,137,2125,9,6,670.4,920.0,13,16,1,0,563.2,215.7,11,483,0.381,0.254,15,0.635,0.551,1,0.042,1.734,40,5,Phil Foden
Lukasz,Fabianski,2021-22,50.0,2.8,136,3330,0,0,0.0,0.0,8,50,2,0,887.0,88.6,9,661,0.0,0.0,0,0.0,0.216,2,0.054,2.72,42,5,Lukasz Fabianski
Aaron,Ramsdale,2021-22,51.0,17.1,135,3060,0,0,1.0,0.0,12,39,1,0,680.0,68.0,14,641,0.0,0.0,0,0.0,0.353,1,0.029,2.647,43,5,Aaron Ramsdale
Riyad,Mahrez,2021-22,86.0,4.0,135,1485,11,7,603.3,814.0,7,14,0,0,609.6,202.3,12,477,0.667,0.424,18,1.091,0.424,0,0.0,1.57,43,5,Riyad Mahrez
Emmanuel,Dennis,2021-22,58.0,20.0,134,2579,10,7,453.4,932.0,3,60,7,1,667.6,205.2,21,425,0.349,0.244,17,0.593,0.105,9,0.314,2.31,45,5,Emmanuel Dennis
Jamie,Vardy,2021-22,103.0,12.0,133,1801,15,3,227.9,722.0,4,27,2,0,560.4,150.2,24,480,0.75,0.15,18,0.9,0.2,2,0.1,1.291,46,5,Jamie Vardy
David,de Gea,2021-22,50.0,8.5,132,3420,0,0,0.3,0.0,8,57,0,0,947.2,94.2,7,667,0.0,0.0,0,0.0,0.211,0,0.0,2.64,47,5,David de Gea
Eric,Dier,2021-22,47.0,6.5,132,3071,0,1,116.3,195.0,16,30,1,0,710.6,102.2,7,680,0.0,0.029,1,0.029,0.469,1,0.029,2.809,47,5,Eric Dier
Martin,Ødegaard,2021-22,56.0,6.0,131,2782,7,4,1012.4,572.0,11,39,4,0,625.6,220.3,9,541,0.226,0.129,11,0.356,0.356,4,0.129,2.339,49,5,Martin Ødegaard
Ollie,Watkins,2021-22,75.0,9.1,131,2950,11,3,459.1,1319.0,10,48,7,0,598.4,237.7,17,441,0.336,0.092,14,0.427,0.305,7,0.214,1.747,49,5,Ollie Watkins
Erling,Haaland,2022-23,124.0,78.4,272,2767,36,9,371.0,1825.0,13,26,5,0,1390.0,358.1,40,1040,1.171,0.293,45,1.464,0.423,5,0.163,2.194,1,6,Erling Haaland
Harry,Kane,2022-23,115.0,32.7,263,3406,30,9,744.8,1707.0,11,62,6,0,1256.6,371.0,48,1008,0.793,0.238,39,1.031,0.291,6,0.159,2.287,2,6,Harry Kane
Mohamed,Salah,2022-23,131.0,37.2,239,3290,19,13,869.9,1620.0,13,45,2,0,1046.2,353.7,23,651,0.52,0.356,32,0.875,0.356,2,0.055,1.824,3,6,Mohamed Salah
Martin,Ødegaard,2022-23,69.0,33.3,212,3132,15,8,1100.4,920.0,13,38,4,0,960.0,298.3,30,813,0.431,0.23,23,0.661,0.374,4,0.115,3.072,4,6,Martin Ødegaard
Marcus,Rashford,2022-23,72.0,37.8,205,2880,17,7,459.7,1427.0,13,39,2,0,887.8,277.6,21,530,0.531,0.219,24,0.75,0.406,2,0.062,2.847,5,6,Marcus Rashford
Bukayo,Saka,2022-23,80.0,25.6,202,3183,14,12,1091.8,1164.0,12,42,6,0,972.2,322.8,19,678,0.396,0.339,26,0.735,0.339,6,0.17,2.525,6,6,Bukayo Saka
Gabriel,Martinelli Silva,2022-23,65.0,26.3,198,2789,15,9,838.1,1300.0,14,33,3,0,844.2,298.1,18,648,0.484,0.29,24,0.774,0.452,3,0.097,3.046,7,6,Gabriel Martinelli Silva
Kieran,Trippier,2022-23,60.0,62.4,198,3342,1,9,1818.5,117.0,16,31,5,0,904.8,284.3,39,941,0.027,0.242,10,0.269,0.431,5,0.135,3.3,7,6,Kieran Trippier
Kevin,De Bruyne,2022-23,121.0,25.5,183,2413,7,18,1476.7,598.0,10,23,1,0,897.8,297.6,26,742,0.261,0.671,25,0.932,0.373,1,0.037,1.512,9,6,Kevin De Bruyne
Ivan,Toney,2022-23,71.0,18.2,182,2953,20,4,424.3,1240.0,10,42,9,0,926.8,258.7,35,607,0.61,0.122,24,0.731,0.305,9,0.274,2.563,10,6,Ivan Toney
Bruno,Borges Fernandes,2022-23,95.0,13.3,176,3317,8,9,1532.3,948.0,18,39,6,0,948.0,343.1,23,748,0.217,0.244,17,0.461,0.488,6,0.163,1.853,11,6,Bruno Borges Fernandes
Ollie,Watkins,2022-23,73.0,12.8,175,3129,15,8,408.5,1268.0,13,40,4,0,792.0,247.0,25,550,0.431,0.23,23,0.662,0.374,4,0.115,2.397,12,6,Ollie Watkins
David,Raya Martin,2022-23,48.0,14.4,166,3420,0,0,20.1,4.0,12,46,1,0,1125.4,115.2,20,822,0.0,0.0,0,0.0,0.316,1,0.026,3.458,13,6,David Raya Martin
Alisson,Ramses Becker,2022-23,55.0,16.8,162,3330,0,1,10.1,0.0,14,43,1,0,966.4,97.6,15,824,0.0,0.027,1,0.027,0.378,1,0.027,2.945,14,6,Alisson Ramses Becker
David,De Gea Quintana,2022-23,51.0,15.8,161,3420,0,0,13.0,0.0,17,43,0,0,792.2,80.7,5,729,0.0,0.0,0,0.0,0.447,0,0.0,3.157,15,6,David De Gea Quintana
Pascal,Groß,2022-23,54.0,11.0,159,3240,9,8,1215.4,578.0,11,51,7,0,888.4,268.6,14,748,0.25,0.222,17,0.472,0.306,7,0.194,2.944,16,6,Pascal Groß
Eberechi,Eze,2022-23,57.0,12.8,159,2631,10,5,800.4,597.0,9,35,3,0,692.8,208.9,21,580,0.342,0.171,15,0.513,0.308,3,0.103,2.789,16,6,Eberechi Eze
Miguel,Almirón Rejala,2022-23,54.0,12.8,158,2487,11,4,424.0,849.0,15,22,2,0,599.2,187.5,15,511,0.398,0.145,15,0.543,0.543,2,0.072,2.926,18,6,Miguel Almirón Rejala
Callum,Wilson,2022-23,73.0,17.2,157,1870,18,6,271.0,1020.0,10,16,4,0,720.0,200.4,20,526,0.866,0.289,24,1.155,0.481,4,0.193,2.151,19,6,Callum Wilson
Nick,Pope,2022-23,54.0,18.0,157,3261,0,0,20.0,0.0,14,32,3,1,709.6,72.9,14,678,0.0,0.0,0,0.0,0.386,5,0.138,2.907,19,6,Nick Pope
Benjamin,White,2022-23,50.0,16.1,156,3054,2,5,491.2,159.0,15,35,5,0,649.0,130.0,12,734,0.059,0.147,7,0.206,0.442,5,0.147,3.12,21,6,Benjamin White
Trent,Alexander-Arnold,2022-23,78.0,30.7,156,2922,2,11,1168.2,241.0,10,44,5,0,779.0,219.0,21,824,0.062,0.339,13,0.4,0.308,5,0.154,2.0,21,6,Trent Alexander-Arnold
Leandro,Trossard,2022-23,66.0,7.2,154,2237,8,13,687.1,859.0,8,38,1,0,620.0,216.6,8,494,0.322,0.523,21,0.845,0.322,1,0.04,2.333,23,6,Leandro Trossard
Granit,Xhaka,2022-23,48.0,2.7,153,2992,7,8,673.3,498.0,13,35,4,0,647.0,182.0,15,634,0.211,0.241,15,0.451,0.391,4,0.12,3.188,24,6,Granit Xhaka
Son,Heung-min,2022-23,115.0,6.4,152,2886,10,6,829.3,910.0,9,55,2,0,709.2,244.7,8,471,0.312,0.187,16,0.499,0.281,2,0.062,1.322,25,6,Son Heung-min
Bryan,Mbeumo,2022-23,57.0,4.0,150,2905,9,9,766.3,866.0,10,39,5,0,662.4,229.3,19,556,0.279,0.279,18,0.558,0.31,5,0.155,2.632,26,6,Bryan Mbeumo
José,Malheiro de Sá,2022-23,50.0,5.1,148,3240,0,0,0.0,0.0,11,55,2,0,845.6,84.7,18,683,0.0,0.0,0,0.0,0.306,2,0.056,2.96,27,6,José Malheiro de Sá
Solly,March,2022-23,52.0,4.4,147,2719,6,10,965.8,955.0,10,40,2,0,791.8,271.4,16,559,0.199,0.331,16,0.53,0.331,2,0.066,2.827,28,6,Solly March
Gabriel,dos Santos Magalhães,2022-23,52.0,13.4,146,3409,3,0,129.7,401.0,14,43,5,0,733.8,126.5,15,723,0.079,0.0,3,0.079,0.37,5,0.132,2.808,29,6,Gabriel dos Santos Magalhães
Morgan,Gibbs-White,2022-23,55.0,1.3,145,3151,5,12,941.1,624.0,8,61,6,0,593.4,215.7,11,479,0.143,0.343,17,0.486,0.228,6,0.171,2.636,30,6,Morgan Gibbs-White
Jarrod,Bowen,2022-23,80.0,3.3,145,3232,6,9,674.8,1076.0,9,50,2,0,625.8,237.9,9,431,0.167,0.251,15,0.418,0.251,2,0.056,1.812,30,6,Jarrod Bowen
Aaron,Ramsdale,2022-23,48.0,11.4,143,3420,0,0,0.0,0.0,14,43,1,0,761.4,76.2,9,664,0.0,0.0,0,0.0,0.368,1,0.026,2.979,32,6,Aaron Ramsdale
Ben,Mee,2022-23,48.0,14.4,143,3269,3,2,92.0,307.0,12,40,2,0,761.4,116.3,11,643,0.083,0.055,5,0.138,0.33,2,0.055,2.979,32,6,Ben Mee
Douglas Luiz,Soares de Paulo,2022-23,48.0,1.0,142,2922,6,7,655.4,242.0,13,35,6,1,661.6,155.8,17,594,0.185,0.216,13,0.4,0.4,8,0.246,2.958,34,6,Douglas Luiz Soares de Paulo
Bernd,Leno,2022-23,46.0,3.5,142,3240,0,0,10.0,0.0,8,51,3,0,1115.8,112.7,17,766,0.0,0.0,0,0.0,0.222,3,0.083,3.087,34,6,Bernd Leno
Phil,Foden,2022-23,80.0,9.7,142,1832,11,7,670.8,712.0,5,16,1,0,671.2,205.4,15,517,0.54,0.344,18,0.884,0.246,1,0.049,1.775,34,6,Phil Foden
James,Ward-Prowse,2022-23,61.0,4.9,142,3371,9,4,1162.9,319.0,4,72,6,0,880.4,236.3,18,747,0.24,0.107,13,0.347,0.107,6,0.16,2.328,34,6,James Ward-Prowse
Alexis,Mac Allister,2022-23,56.0,14.7,140,2882,10,2,729.6,706.0,10,45,8,0,741.0,217.8,18,567,0.312,0.062,12,0.375,0.312,8,0.25,2.5,38,6,Alexis Mac Allister
Fabian,Schär,2022-23,51.0,14.4,139,3207,1,3,263.9,521.0,15,28,7,0,653.4,144.1,6,617,0.028,0.084,4,0.112,0.421,7,0.196,2.725,39,6,Fabian Schär
Kaoru,Mitoma,2022-23,57.0,27.3,138,2311,7,9,567.6,857.0,8,35,0,0,566.8,198.9,11,457,0.273,0.35,16,0.623,0.312,0,0.0,2.421,40,6,Kaoru Mitoma
Harvey,Barnes,2022-23,66.0,1.7,138,2709,13,2,305.1,883.0,6,51,3,0,567.4,175.5,0,379,0.432,0.066,15,0.498,0.199,3,0.1,2.091,40,6,Harvey Barnes
Emiliano,Martínez Romero,2022-23,50.0,6.6,135,3139,0,0,23.0,0.0,11,38,7,0,813.0,83.5,15,678,0.0,0.0,0,0.0,0.315,7,0.201,2.7,42,6,Emiliano Martínez Romero
Jacob,Ramsey,2022-23,51.0,1.5,135,2634,6,8,496.7,424.0,11,33,5,0,607.2,152.8,13,470,0.205,0.273,14,0.478,0.376,5,0.171,2.647,42,6,Jacob Ramsey
James,Maddison,2022-23,78.0,5.5,135,2479,10,9,970.0,769.0,4,54,10,0,785.4,252.9,9,520,0.363,0.327,19,0.69,0.145,10,0.363,1.731,42,6,James Maddison
Jack,Harrison,2022-23,57.0,2.1,134,2707,5,8,791.5,466.0,6,55,2,0,556.2,181.2,15,403,0.166,0.266,13,0.432,0.199,2,0.066,2.351,45,6,Jack Harrison
Mathias,Jensen,2022-23,48.0,1.8,132,2805,5,7,787.9,208.0,10,40,5,0,644.0,164.1,11,498,0.16,0.225,12,0.385,0.321,5,0.16,2.75,46,6,Mathias Jensen
Michael,Olise,2022-23,53.0,1.8,132,2743,2,11,1014.6,462.0,8,38,2,0,606.6,208.8,15,517,0.066,0.361,13,0.427,0.262,2,0.066,2.491,46,6,Michael Olise
Ilkay,Gündogan,2022-23,74.0,7.7,132,2351,8,6,636.9,597.0,10,20,0,0,596.2,182.7,9,518,0.306,0.23,14,0.536,0.383,0,0.0,1.784,46,6,Ilkay Gündogan
Tyrone,Mings,2022-23,47.0,12.5,130,3150,1,3,87.7,121.0,12,40,7,0,657.2,87.0,17,617,0.029,0.086,4,0.114,0.343,7,0.2,2.766,49,6,Tyrone Mings
Dominic,Solanke,2022-23,56.0,3.6,130,2865,6,10,279.9,1046.0,8,52,2,0,524.8,184.4,14,339,0.188,0.314,16,0.503,0.251,2,0.063,2.321,49,6,Dominic Solanke
Cole,Palmer,2023-24,63.0,51.3,244,2617,22,13,1022.5,1016.0,7,46,7,0,1240.2,327.8,32,844,0.757,0.447,35,1.204,0.241,7,0.241,3.873,1,7,Cole Palmer
Phil,Foden,2023-24,85.0,43.3,230,2860,19,8,1157.8,1172.0,14,27,2,0,1154.8,348.8,31,866,0.598,0.252,27,0.85,0.441,2,0.063,2.706,2,7,Phil Foden
Ollie,Watkins,2023-24,89.0,35.9,228,3222,19,18,588.5,1420.0,7,56,4,0,1024.6,302.8,29,752,0.531,0.503,37,1.034,0.196,4,0.112,2.562,3,7,Ollie Watkins
Bukayo,Saka,2023-24,88.0,49.2,226,2922,16,12,1319.8,1342.0,16,27,4,0,1093.8,375.7,29,776,0.493,0.37,28,0.862,0.493,4,0.123,2.568,4,7,Bukayo Saka
Erling,Haaland,2023-24,143.0,73.6,217,2553,27,8,367.2,1581.0,11,25,1,0,1094.6,303.3,29,792,0.952,0.282,35,1.234,0.388,1,0.035,1.517,5,7,Erling Haaland
Son,Heung-min,2023-24,100.0,34.4,213,2934,17,10,921.9,1131.0,8,51,1,0,993.2,304.7,25,707,0.521,0.307,27,0.828,0.245,1,0.031,2.13,6,7,Son Heung-min
Mohamed,Salah,2023-24,134.0,24.0,211,2531,18,12,892.2,1531.0,8,30,2,0,1033.8,346.0,24,621,0.64,0.427,30,1.067,0.284,2,0.071,1.575,7,7,Mohamed Salah
Martin,Ødegaard,2023-24,86.0,18.0,186,3098,8,11,1499.4,757.0,19,23,2,0,910.4,317.0,26,703,0.232,0.32,19,0.552,0.552,2,0.058,2.163,8,7,Martin Ødegaard
Anthony,Gordon,2023-24,64.0,20.6,183,2896,11,16,843.7,905.0,12,48,10,1,822.6,256.7,14,594,0.342,0.497,27,0.839,0.373,12,0.373,2.859,9,7,Anthony Gordon
Benjamin,White,2023-24,61.0,23.3,182,2987,4,5,589.4,234.0,18,26,8,0,765.8,159.0,14,776,0.121,0.151,9,0.271,0.542,8,0.241,2.984,10,7,Benjamin White
Jarrod,Bowen,2023-24,76.0,12.1,182,3020,16,6,463.8,1130.0,5,63,2,0,890.4,247.8,14,519,0.477,0.179,22,0.656,0.149,2,0.06,2.395,10,7,Jarrod Bowen
Kai,Havertz,2023-24,76.0,11.9,180,2627,13,10,613.4,1027.0,16,22,11,0,763.2,240.2,15,515,0.445,0.343,23,0.788,0.548,11,0.377,2.368,12,7,Kai Havertz
Dominic,Solanke,2023-24,69.0,17.8,175,3325,19,3,479.6,1348.0,10,61,3,0,902.0,272.7,20,560,0.514,0.081,22,0.595,0.271,3,0.081,2.536,13,7,Dominic Solanke
Alexander,Isak,2023-24,84.0,41.0,172,2253,21,4,362.5,1054.0,7,41,1,0,877.4,229.3,23,645,0.839,0.16,25,0.999,0.28,1,0.04,2.048,14,7,Alexander Isak
Bruno,Borges Fernandes,2023-24,85.0,14.6,166,3118,10,9,1663.0,748.0,7,52,9,0,1101.6,351.3,24,729,0.289,0.26,19,0.548,0.202,9,0.26,1.953,15,7,Bruno Borges Fernandes
Declan,Rice,2023-24,55.0,6.2,165,3225,7,9,745.3,451.0,17,28,5,0,959.4,215.9,17,744,0.195,0.251,16,0.447,0.474,5,0.14,3.0,16,7,Declan Rice
Jean-Philippe,Mateta,2023-24,51.0,7.3,165,2274,16,7,404.0,741.0,8,44,3,0,775.0,191.9,22,563,0.633,0.277,23,0.91,0.317,3,0.119,3.235,16,7,Jean-Philippe Mateta
William,Saliba,2023-24,59.0,39.1,164,3420,2,1,152.1,140.0,18,29,4,0,697.2,99.1,13,781,0.053,0.026,3,0.079,0.474,4,0.105,2.78,18,7,William Saliba
Rodrigo,Hernandez,2023-24,56.0,6.1,159,2931,8,10,894.8,484.0,14,26,8,1,1043.8,242.3,19,737,0.246,0.307,18,0.553,0.43,10,0.307,2.839,19,7,Rodrigo Hernandez
Julián,Álvarez,2023-24,64.0,15.4,158,2644,11,11,1005.2,992.0,12,24,2,0,737.0,273.3,17,662,0.374,0.374,22,0.749,0.408,2,0.068,2.469,20,7,Julián Álvarez
Pascal,Groß,2023-24,61.0,4.1,153,3112,4,11,1674.9,434.0,7,50,6,0,988.6,309.9,29,724,0.116,0.318,15,0.434,0.202,6,0.174,2.508,21,7,Pascal Groß
Jordan,Pickford,2023-24,48.0,16.3,153,3420,0,0,43.4,0.0,13,51,5,0,969.2,101.3,22,734,0.0,0.0,0,0.0,0.342,5,0.132,3.188,21,7,Jordan Pickford
Bruno,Guimarães Rodriguez Moura,2023-24,58.0,3.3,153,3264,7,9,948.7,489.0,10,60,8,0,968.4,241.0,15,691,0.193,0.248,16,0.441,0.276,8,0.221,2.638,21,7,Bruno Guimarães Rodriguez Moura
Gabriel,dos Santos Magalhães,2023-24,54.0,28.3,149,3042,3,1,121.9,379.0,16,26,4,0,675.8,117.9,8,676,0.089,0.03,4,0.118,0.473,4,0.118,2.759,24,7,Gabriel dos Santos Magalhães
Leon,Bailey,2023-24,54.0,3.1,148,2063,10,11,707.1,623.0,5,32,5,0,663.2,199.1,11,482,0.436,0.48,21,0.916,0.218,5,0.218,2.741,25,7,Leon Bailey
Douglas Luiz,Soares de Paulo,2023-24,54.0,4.8,148,2994,9,5,867.0,381.0,6,57,12,0,761.8,201.1,25,666,0.271,0.15,14,0.421,0.18,12,0.361,2.741,25,7,Douglas Luiz Soares de Paulo
Carlton,Morris,2023-24,47.0,4.3,146,2859,11,6,305.6,908.0,3,72,4,0,620.2,183.4,18,451,0.346,0.189,17,0.535,0.094,4,0.126,3.106,27,7,Carlton Morris
James,Ward-Prowse,2023-24,57.0,5.3,146,3000,7,7,1023.5,324.0,5,65,4,0,831.0,217.5,19,708,0.21,0.21,14,0.42,0.15,4,0.12,2.561,27,7,James Ward-Prowse
Moussa,Diaby,2023-24,63.0,5.8,142,2168,6,11,617.8,675.0,8,40,1,0,515.4,180.6,10,429,0.249,0.457,17,0.706,0.332,1,0.042,2.254,29,7,Moussa Diaby
Nicolas,Jackson,2023-24,70.0,17.9,142,2801,14,6,501.7,1098.0,9,48,10,0,783.8,237.7,12,479,0.45,0.193,20,0.643,0.289,10,0.321,2.029,29,7,Nicolas Jackson
Luis,Díaz,2023-24,76.0,10.0,142,2625,8,7,844.0,1190.0,7,33,3,0,613.0,264.6,9,413,0.274,0.24,15,0.514,0.24,3,0.103,1.868,29,7,Luis Díaz
Morgan,Gibbs-White,2023-24,57.0,2.1,142,3156,5,12,1155.2,495.0,5,59,9,0,703.2,235.6,13,563,0.143,0.342,17,0.485,0.143,9,0.257,2.491,29,7,Morgan Gibbs-White
Bernardo,Veiga de Carvalho e Silva,2023-24,62.0,2.9,141,2576,6,9,959.5,570.0,10,26,8,0,747.4,228.0,20,604,0.21,0.314,15,0.524,0.349,8,0.28,2.274,33,7,Bernardo Veiga de Carvalho e Silva
Leandro,Trossard,2023-24,66.0,3.6,138,1633,12,2,384.7,746.0,12,10,2,0,563.6,169.5,11,398,0.661,0.11,14,0.772,0.661,2,0.11,2.091,34,7,Leandro Trossard
Mohammed,Kudus,2023-24,67.0,3.0,137,2485,8,9,472.9,566.0,3,61,6,0,667.2,170.8,13,476,0.29,0.326,17,0.616,0.109,6,0.217,2.045,35,7,Mohammed Kudus
Eberechi,Eze,2023-24,60.0,5.4,136,2054,11,5,810.0,735.0,8,28,3,0,740.4,228.7,11,490,0.482,0.219,16,0.701,0.351,3,0.131,2.267,36,7,Eberechi Eze
Pedro,Porro,2023-24,59.0,22.4,136,3090,3,8,877.4,365.0,7,54,3,0,839.0,208.5,20,720,0.087,0.233,11,0.32,0.204,3,0.087,2.305,36,7,Pedro Porro
David,Raya Martin,2023-24,53.0,11.7,135,2880,0,0,0.0,0.0,16,24,2,0,413.0,41.1,6,569,0.0,0.0,0,0.0,0.5,2,0.062,2.547,38,7,David Raya Martin
Matheus,Santos Carneiro Da Cunha,2023-24,55.0,2.4,135,2438,12,7,409.8,872.0,6,46,9,0,786.0,206.4,15,520,0.443,0.258,19,0.701,0.221,9,0.332,2.455,38,7,Matheus Santos Carneiro Da Cunha
Bernd,Leno,2023-24,48.0,14.6,133,3420,0,0,0.1,0.0,10,61,3,0,1069.8,106.7,15,782,0.0,0.0,0,0.0,0.263,3,0.079,2.771,40,7,Bernd Leno
André,Onana,2023-24,50.0,15.5,133,3420,0,0,33.2,0.0,9,58,5,0,1167.8,120.2,10,741,0.0,0.0,0,0.0,0.237,5,0.132,2.66,40,7,André Onana
Darwin,Núñez Ribeiro,2023-24,75.0,11.7,132,2033,11,11,439.1,1223.0,6,25,9,0,660.8,232.4,9,397,0.487,0.487,22,0.974,0.266,9,0.398,1.76,42,7,Darwin Núñez Ribeiro
Yoane,Wissa,2023-24,57.0,5.1,131,2488,12,4,384.0,769.0,11,40,7,0,592.8,173.2,15,457,0.434,0.145,16,0.579,0.398,7,0.253,2.298,43,7,Yoane Wissa
Alejandro,Garnacho,2023-24,50.0,9.8,131,2564,7,7,616.8,1103.0,8,39,4,0,527.2,224.3,7,372,0.246,0.246,14,0.491,0.281,4,0.14,2.62,43,7,Alejandro Garnacho
Chris,Wood,2023-24,47.0,1.7,131,1801,14,1,281.1,795.0,2,34,0,0,598.2,167.4,22,456,0.7,0.05,15,0.75,0.1,0,0.0,2.787,43,7,Chris Wood
Brennan,Johnson,2023-24,58.0,2.0,131,2317,5,12,624.3,782.0,5,42,3,0,554.4,196.3,9,397,0.194,0.466,17,0.66,0.194,3,0.117,2.259,43,7,Brennan Johnson
Dejan,Kulusevski,2023-24,67.0,2.1,130,2759,8,3,950.4,953.0,8,46,7,0,698.8,260.1,14,463,0.261,0.098,11,0.359,0.261,7,0.228,1.94,47,7,Dejan Kulusevski
Conor,Gallagher,2023-24,54.0,1.7,129,3129,5,8,821.5,401.0,8,56,7,1,754.8,197.4,10,618,0.144,0.23,13,0.374,0.23,9,0.259,2.389,48,7,Conor Gallagher
Bryan,Mbeumo,2023-24,68.0,6.7,127,1957,9,7,572.1,576.0,5,31,2,0,554.2,170.1,12,364,0.414,0.322,16,0.736,0.23,2,0.092,1.868,49,7,Bryan Mbeumo
Andreas,Hoelgebaum Pereira,2023-24,53.0,0.9,127,2611,3,9,1254.3,417.0,14,40,6,0,503.6,217.8,7,459,0.103,0.31,12,0.414,0.483,6,0.207,2.396,49,7,Andreas Hoelgebaum Pereira
Mohamed,Salah,2024-25,136.0,66.3,344,3374,29,18,1199.2,1985.0,15,40,1,0,1577.0,476.0,55,1133,0.774,0.48,47,1.254,0.4,1,0.027,2.529,1,8,Mohamed Salah
Bryan,Mbeumo,2024-25,83.0,46.7,236,3415,20,9,1107.5,1060.0,9,55,3,0,1236.8,340.8,29,948,0.527,0.237,29,0.764,0.237,3,0.079,2.843,2,8,Bryan Mbeumo
Cole,Palmer,2024-25,105.0,34.3,214,3193,15,10,1259.2,1052.0,10,41,7,0,1068.2,338.0,35,952,0.423,0.282,25,0.705,0.282,7,0.197,2.038,3,8,Cole Palmer
Alexander,Isak,2024-25,94.0,49.4,211,2758,23,6,573.1,1320.0,12,41,1,0,1043.0,292.7,36,848,0.751,0.196,29,0.946,0.392,1,0.033,2.245,4,8,Alexander Isak
Chris,Wood,2024-25,72.0,30.8,200,2958,20,3,320.0,900.0,15,37,1,0,838.4,205.6,41,744,0.609,0.091,23,0.7,0.456,1,0.03,2.778,5,8,Chris Wood
Jarrod,Bowen,2024-25,79.0,18.0,193,2974,13,11,737.8,1081.0,8,50,1,0,903.0,271.9,21,678,0.393,0.333,24,0.726,0.242,1,0.03,2.443,6,8,Jarrod Bowen
Ollie,Watkins,2024-25,92.0,29.0,186,2593,16,8,345.2,1148.0,10,40,2,0,766.0,223.8,32,631,0.555,0.278,24,0.833,0.347,2,0.069,2.022,7,8,Ollie Watkins
Yoane,Wissa,2024-25,69.0,24.2,185,2921,18,6,400.0,1181.0,9,45,5,0,849.4,242.4,32,739,0.555,0.185,24,0.739,0.277,5,0.154,2.681,8,8,Yoane Wissa
Luis,Díaz,2024-25,75.0,16.8,183,2393,13,7,748.0,946.0,15,21,2,0,770.8,246.4,21,634,0.489,0.263,20,0.752,0.564,2,0.075,2.44,9,8,Luis Díaz
Erling,Haaland,2024-25,149.0,24.0,181,2736,22,3,359.4,1511.0,10,38,2,0,946.0,281.8,26,795,0.724,0.099,25,0.822,0.329,2,0.066,1.215,10,8,Erling Haaland
Matheus,Santos Carneiro Da Cunha,2024-25,70.0,13.6,178,2596,15,7,847.8,940.0,7,54,4,0,936.2,272.2,41,838,0.52,0.243,22,0.763,0.243,4,0.139,2.543,11,8,Matheus Santos Carneiro Da Cunha
Bruno,Borges Fernandes,2024-25,84.0,13.7,174,3017,8,12,1407.7,587.0,10,47,3,2,1017.8,300.8,28,810,0.239,0.358,20,0.597,0.298,7,0.209,2.071,12,8,Bruno Borges Fernandes
Antoine,Semenyo,2024-25,57.0,8.0,165,3202,11,7,688.9,1204.0,11,41,9,0,792.2,267.8,14,571,0.309,0.197,18,0.506,0.309,9,0.253,2.895,13,8,Antoine Semenyo
Morgan,Rogers,2024-25,58.0,25.8,161,3115,8,11,722.7,689.0,10,40,10,0,730.6,214.2,15,534,0.231,0.318,19,0.549,0.289,10,0.289,2.776,14,8,Morgan Rogers
Jacob,Murphy,2024-25,52.0,14.3,159,2356,8,13,625.2,519.0,11,31,4,0,713.4,185.6,11,601,0.306,0.497,21,0.802,0.42,4,0.153,3.058,15,8,Jacob Murphy
Justin,Kluivert,2024-25,59.0,11.0,158,2339,12,6,654.1,771.0,13,29,8,0,700.0,212.0,14,532,0.462,0.231,18,0.693,0.5,8,0.308,2.678,16,8,Justin Kluivert
Jordan,Pickford,2024-25,52.0,15.9,158,3420,0,1,20.3,0.0,12,44,7,0,1052.0,107.0,15,593,0.0,0.026,1,0.026,0.316,7,0.184,3.038,16,8,Jordan Pickford
Alex,Iwobi,2024-25,54.0,4.9,156,2981,9,6,922.4,699.0,6,45,1,0,806.8,243.0,16,704,0.272,0.181,15,0.453,0.181,1,0.03,2.889,18,8,Alex Iwobi
Morgan,Gibbs-White,2024-25,65.0,7.4,154,2806,7,11,793.7,632.0,13,34,9,1,680.4,210.6,18,594,0.225,0.353,18,0.577,0.417,11,0.353,2.369,19,8,Morgan Gibbs-White
Joško,Gvardiol,2024-25,65.0,38.6,153,3278,5,0,501.7,497.0,13,41,2,0,847.0,185.0,15,623,0.137,0.0,5,0.137,0.357,2,0.055,2.354,20,8,Joško Gvardiol
Anthony,Elanga,2024-25,55.0,9.4,153,2496,6,11,785.4,582.0,12,35,1,0,627.0,199.8,15,535,0.216,0.397,17,0.613,0.433,1,0.036,2.782,20,8,Anthony Elanga
Leandro,Trossard,2024-25,67.0,4.5,152,2546,8,8,617.6,798.0,11,27,2,1,609.0,202.1,18,561,0.283,0.283,16,0.566,0.389,4,0.141,2.269,22,8,Leandro Trossard
Jean-Philippe,Mateta,2024-25,75.0,8.3,150,2642,14,2,405.4,800.0,9,37,2,0,671.6,187.3,27,576,0.477,0.068,16,0.545,0.307,2,0.068,2.0,23,8,Jean-Philippe Mateta
Matz,Sels,2024-25,52.0,19.9,150,3420,0,1,20.2,0.0,13,46,4,0,942.2,96.7,11,521,0.0,0.026,1,0.026,0.342,4,0.105,2.885,23,8,Matz Sels
Kevin,Schade,2024-25,53.0,3.3,149,2281,11,4,312.7,892.0,10,34,3,0,630.8,183.3,12,498,0.434,0.158,15,0.592,0.395,3,0.118,2.811,25,8,Kevin Schade
Ismaïla,Sarr,2024-25,55.0,5.3,149,2708,8,7,618.0,866.0,10,39,4,0,675.0,215.9,14,542,0.266,0.233,15,0.499,0.332,4,0.133,2.709,25,8,Ismaïla Sarr
Eberechi,Eze,2024-25,70.0,14.6,148,2588,8,8,849.2,691.0,10,34,1,0,685.0,222.4,15,605,0.278,0.278,16,0.556,0.348,1,0.035,2.114,27,8,Eberechi Eze
Trent,Alexander-Arnold,2024-25,72.0,16.7,148,2362,3,7,833.7,268.0,12,25,5,0,723.8,182.4,13,603,0.114,0.267,10,0.381,0.457,5,0.191,2.056,27,8,Trent Alexander-Arnold
Raúl,Jiménez,2024-25,53.0,5.0,147,2486,12,3,372.2,1018.0,7,37,4,0,612.8,199.7,26,539,0.434,0.109,15,0.543,0.253,4,0.145,2.774,29,8,Raúl Jiménez
Mitoma,Kaoru,2024-25,63.0,6.3,145,2597,10,5,578.0,856.0,6,40,1,0,670.6,210.7,12,536,0.347,0.173,15,0.52,0.208,1,0.035,2.302,30,8,Mitoma Kaoru
Nikola,Milenković,2024-25,52.0,18.0,145,3330,5,2,107.9,361.0,13,45,4,0,805.2,127.2,2,499,0.135,0.054,7,0.189,0.351,4,0.108,2.788,30,8,Nikola Milenković
Jørgen,Strand Larsen,2024-25,52.0,2.6,145,2587,14,4,303.4,848.0,7,52,4,0,646.8,179.5,17,570,0.487,0.139,18,0.626,0.244,4,0.139,2.788,30,8,Jørgen Strand Larsen
Dominik,Szoboszlai,2024-25,61.0,2.7,143,2485,6,10,794.8,601.0,12,29,6,0,589.8,198.1,14,605,0.217,0.362,16,0.579,0.435,6,0.217,2.344,33,8,Dominik Szoboszlai
Virgil,van Dijk,2024-25,67.0,25.6,143,3330,3,1,206.6,299.0,14,38,5,0,932.6,143.7,8,631,0.081,0.027,4,0.108,0.378,5,0.135,2.134,33,8,Virgil van Dijk
David,Raya Martin,2024-25,56.0,32.6,142,3420,0,0,10.7,0.0,13,34,3,0,755.4,76.7,10,555,0.0,0.0,0,0.0,0.342,3,0.079,2.536,35,8,David Raya Martin
Daniel,Muñoz,2024-25,52.0,19.3,142,3229,4,6,634.2,524.0,11,46,10,0,816.6,197.6,9,480,0.111,0.167,10,0.279,0.307,10,0.279,2.731,35,8,Daniel Muñoz
Mark,Flekken,2024-25,45.0,10.0,138,3275,0,2,30.3,0.0,7,55,1,0,1298.4,132.5,12,584,0.0,0.055,2,0.055,0.192,1,0.027,3.067,37,8,Mark Flekken
Brennan,Johnson,2024-25,62.0,2.3,137,2171,11,6,295.0,761.0,2,38,5,0,559.6,161.0,13,461,0.456,0.249,17,0.705,0.083,5,0.207,2.21,38,8,Brennan Johnson
Enzo,Fernández,2024-25,47.0,4.1,135,2943,6,8,1131.6,517.0,10,37,8,0,761.6,241.3,11,691,0.183,0.245,14,0.428,0.306,8,0.245,2.872,39,8,Enzo Fernández
Dean,Henderson,2024-25,46.0,11.7,135,3420,0,0,30.0,4.0,11,51,3,0,853.6,88.6,8,466,0.0,0.0,0,0.0,0.289,3,0.079,2.935,39,8,Dean Henderson
Bruno,Guimarães Rodriguez Moura,2024-25,62.0,3.0,135,3273,5,6,796.0,454.0,13,44,7,0,723.0,197.5,10,661,0.137,0.165,11,0.302,0.357,7,0.192,2.177,39,8,Bruno Guimarães Rodriguez Moura
Milos,Kerkez,2024-25,53.0,20.0,134,3336,2,6,642.0,238.0,9,45,4,0,694.0,157.3,10,550,0.054,0.162,8,0.216,0.243,4,0.108,2.528,42,8,Milos Kerkez
Marc,Cucurella Saseta,2024-25,54.0,11.8,133,2988,5,2,350.6,358.0,9,38,8,1,668.6,137.9,14,533,0.151,0.06,7,0.211,0.271,10,0.301,2.463,43,8,Marc Cucurella Saseta
James,Maddison,2024-25,74.0,3.8,133,1799,9,8,702.3,495.0,6,32,6,0,683.4,187.8,15,592,0.45,0.4,17,0.85,0.3,6,0.3,1.797,43,8,James Maddison
Liam,Delap,2024-25,56.0,3.3,132,2587,12,2,290.5,783.0,3,58,12,0,513.0,157.5,22,472,0.417,0.07,14,0.487,0.104,12,0.417,2.357,45,8,Liam Delap
Mikkel,Damsgaard,2024-25,49.0,1.2,131,2911,2,10,1006.4,338.0,11,41,2,0,714.8,205.9,10,611,0.062,0.309,12,0.371,0.34,2,0.062,2.673,46,8,Mikkel Damsgaard
William,Saliba,2024-25,64.0,25.8,130,3039,2,0,150.1,116.0,12,29,2,1,672.6,94.2,14,564,0.059,0.0,2,0.059,0.355,4,0.118,2.031,47,8,William Saliba
Harvey,Barnes,2024-25,59.0,4.2,130,1746,9,5,407.1,701.0,6,23,0,0,522.2,163.1,13,442,0.464,0.258,14,0.722,0.309,0,0.0,2.203,47,8,Harvey Barnes
Murillo,Santiago Costa dos Santos,2024-25,47.0,4.1,130,3188,2,0,211.2,201.0,12,44,6,0,927.2,134.0,18,541,0.056,0.0,2,0.056,0.339,6,0.169,2.766,47,8,Murillo Santiago Costa dos Santos
Amad,Diallo,2024-25,53.0,4.1,129,1898,8,8,687.2,615.0,7,30,5,0,634.0,193.8,17,569,0.379,0.379,16,0.759,0.332,5,0.237,2.434,50,8,Amad Diallo
Erling,Haaland,2025-26,148.0,69.0,85,773,11,1,59.6,525.0,5,6,0,0,417.4,100.3,20,354,1.281,0.116,12,1.397,0.582,0,0.0,0.574,1,9,Erling Haaland
Antoine,Semenyo,2025-26,81.0,64.1,73,810,6,4,148.5,256.0,4,11,2,0,320.0,72.6,9,211,0.667,0.444,10,1.111,0.444,2,0.222,0.901,2,9,Antoine Semenyo
Gabriel,dos Santos Magalhães,2025-26,65.0,38.4,68,810,1,1,35.9,80.0,6,3,0,0,261.2,37.7,11,234,0.111,0.111,2,0.222,0.667,0,0.0,1.046,3,9,Gabriel dos Santos Magalhães
Jurriën,Timber,2025-26,61.0,24.5,60,701,2,2,171.6,191.0,5,3,2,0,219.6,58.4,7,230,0.257,0.257,4,0.514,0.642,2,0.257,0.984,4,9,Jurriën Timber
Micky,van de Ven,2025-26,47.0,32.2,55,799,3,0,32.5,120.0,4,7,2,0,231.2,38.4,5,198,0.338,0.0,3,0.338,0.451,2,0.225,1.17,5,9,Micky van de Ven
Riccardo,Calafiori,2025-26,58.0,15.8,54,695,1,2,78.2,129.0,6,3,3,0,122.6,32.9,3,181,0.129,0.259,3,0.388,0.777,3,0.388,0.931,6,9,Riccardo Calafiori
Marc,Guéhi,2025-26,49.0,33.1,54,810,1,3,77.3,101.0,3,9,0,0,219.4,39.8,3,180,0.111,0.333,4,0.444,0.333,0,0.0,1.102,6,9,Marc Guéhi
Marcos,Senesi Barón,2025-26,50.0,26.3,53,797,0,2,69.1,29.0,4,11,3,0,288.4,38.7,6,172,0.0,0.226,2,0.226,0.452,3,0.339,1.06,8,9,Marcos Senesi Barón
Robin,Roefs,2025-26,47.0,6.7,52,810,0,0,20.0,0.0,4,7,1,0,275.2,29.4,6,197,0.0,0.0,0,0.0,0.444,1,0.111,1.106,9,9,Robin Roefs
Bryan,Mbeumo,2025-26,82.0,25.8,51,775,4,1,289.3,291.0,2,13,0,0,220.8,80.1,8,191,0.465,0.116,5,0.581,0.232,0,0.0,0.622,10,9,Bryan Mbeumo
Declan,Rice,2025-26,67.0,14.2,50,713,1,4,266.7,72.0,5,3,0,0,193.2,53.2,7,191,0.126,0.505,5,0.631,0.631,0,0.0,0.746,11,9,Declan Rice
Moisés,Caicedo Corozo,2025-26,59.0,18.2,48,765,3,0,86.7,55.0,2,11,1,0,269.4,41.0,7,208,0.353,0.0,3,0.353,0.235,1,0.118,0.814,12,9,Moisés Caicedo Corozo
Daniel,Muñoz Mejía,2025-26,57.0,14.8,48,810,1,3,104.1,164.0,3,9,3,0,208.2,47.5,2,163,0.111,0.333,4,0.444,0.333,3,0.333,0.842,12,9,Daniel Muñoz Mejía
Dan,Burn,2025-26,51.0,11.0,47,810,0,1,44.6,41.0,5,8,3,0,155.2,24.1,4,135,0.0,0.111,1,0.111,0.556,3,0.333,0.922,14,9,Dan Burn
David,Raya Martín,2025-26,58.0,30.4,46,810,0,0,10.1,0.0,6,3,1,0,155.4,16.5,3,192,0.0,0.0,0,0.0,0.667,1,0.111,0.793,15,9,David Raya Martín
Matty,Cash,2025-26,46.0,5.1,46,786,2,0,122.3,40.0,3,7,2,0,204.8,36.9,5,158,0.229,0.0,2,0.229,0.344,2,0.229,1.0,15,9,Matty Cash
Nick,Pope,2025-26,52.0,12.3,46,810,0,1,0.0,0.0,5,8,1,0,211.6,21.1,3,190,0.0,0.111,1,0.111,0.556,1,0.111,0.885,15,9,Nick Pope
Nordi,Mukiele,2025-26,41.0,5.3,46,630,1,0,47.8,44.0,3,5,0,0,198.2,29.0,5,159,0.143,0.0,1,0.143,0.429,0,0.0,1.122,15,9,Nordi Mukiele
Jaidon,Anthony,2025-26,57.0,6.5,45,745,4,1,115.5,193.0,3,13,3,0,227.8,53.6,5,154,0.483,0.121,5,0.604,0.362,3,0.362,0.789,19,9,Jaidon Anthony
Igor Thiago,Nascimento Rodrigues,2025-26,62.0,7.6,45,741,6,0,78.0,302.0,2,13,3,0,261.6,64.2,6,180,0.729,0.0,6,0.729,0.243,3,0.364,0.726,19,9,Igor Thiago Nascimento Rodrigues
Omar,Alderete,2025-26,41.0,5.8,45,667,1,1,38.6,77.0,3,6,1,0,228.4,34.4,4,143,0.135,0.135,2,0.27,0.405,1,0.135,1.098,19,9,Omar Alderete
Joe,Rodon,2025-26,41.0,6.4,44,810,2,0,28.4,120.0,2,14,0,0,253.2,40.2,5,144,0.222,0.0,2,0.222,0.222,0,0.0,1.073,22,9,Joe Rodon
Mohammed,Kudus,2025-26,68.0,32.0,44,785,1,5,260.8,163.0,4,7,2,0,200.0,62.3,4,132,0.115,0.573,6,0.688,0.459,2,0.229,0.647,22,9,Mohammed Kudus
João Maria,Lobo Alves Palhares Costa Palhinha Gonçalves,2025-26,55.0,1.6,44,693,2,1,43.0,70.0,3,7,2,0,210.8,32.5,8,171,0.26,0.13,3,0.39,0.39,2,0.26,0.8,22,9,João Maria Lobo Alves Palhares Costa Palhinha Gonçalves
Adrien,Truffert,2025-26,45.0,2.3,43,810,0,1,131.6,20.0,4,11,0,0,174.8,32.6,6,153,0.0,0.111,1,0.111,0.444,0,0.0,0.956,25,9,Adrien Truffert
Marcus,Tavernier,2025-26,55.0,1.4,43,676,2,1,169.3,133.0,5,7,0,0,160.2,46.4,6,125,0.266,0.133,3,0.399,0.666,0,0.0,0.782,25,9,Marcus Tavernier
Enzo,Fernández,2025-26,67.0,14.5,43,708,3,2,182.4,205.0,2,11,1,0,209.6,59.8,3,169,0.381,0.254,5,0.636,0.254,1,0.127,0.642,25,9,Enzo Fernández
João Pedro,Junqueira de Jesus,2025-26,74.0,47.4,43,757,2,3,156.4,144.0,3,9,0,0,178.8,47.4,8,165,0.238,0.357,5,0.594,0.357,0,0.0,0.581,25,9,João Pedro Junqueira de Jesus
Iliman,Ndiaye,2025-26,65.0,11.1,43,763,3,1,170.8,169.0,2,12,2,0,232.4,57.3,1,177,0.354,0.118,4,0.472,0.236,2,0.236,0.662,25,9,Iliman Ndiaye
Josh,Cullen,2025-26,50.0,2.4,42,770,1,1,128.1,42.0,3,14,0,0,220.6,39.2,5,177,0.117,0.117,2,0.234,0.351,0,0.0,0.84,30,9,Josh Cullen
Trevoh,Chalobah,2025-26,51.0,7.6,42,660,2,1,49.3,83.0,3,10,1,1,221.2,35.3,2,156,0.273,0.136,3,0.409,0.409,3,0.409,0.824,30,9,Trevoh Chalobah
Maxence,Lacroix,2025-26,50.0,3.7,42,810,0,1,31.5,48.0,3,9,1,0,211.2,29.0,2,158,0.0,0.111,1,0.111,0.333,1,0.111,0.84,30,9,Maxence Lacroix
Mohamed,Salah,2025-26,143.0,26.0,42,804,3,2,252.2,268.0,2,14,1,0,181.4,70.1,2,132,0.336,0.224,5,0.56,0.224,1,0.112,0.294,30,9,Mohamed Salah
Cody,Gakpo,2025-26,76.0,14.5,42,705,3,2,266.9,246.0,2,13,0,0,190.6,70.5,2,165,0.383,0.255,5,0.638,0.255,0,0.0,0.553,30,9,Cody Gakpo
Bruno,Guimarães Rodriguez Moura,2025-26,65.0,3.4,42,715,3,1,178.8,97.0,4,8,2,0,174.2,45.0,6,171,0.378,0.126,4,0.503,0.503,2,0.252,0.646,30,9,Bruno Guimarães Rodriguez Moura
Guglielmo,Vicario,2025-26,51.0,10.3,42,810,0,0,0.1,0.0,4,7,0,0,216.8,21.7,5,190,0.0,0.0,0,0.0,0.444,0,0.0,0.824,30,9,Guglielmo Vicario
Pedro,Porro Sauceda,2025-26,55.0,19.0,42,725,0,2,198.8,25.0,4,6,1,0,168.8,39.5,2,172,0.0,0.248,2,0.248,0.497,1,0.124,0.764,30,9,Pedro Porro Sauceda
Jarrod,Bowen,2025-26,78.0,8.0,42,810,3,1,161.6,215.0,1,20,0,0,205.6,58.3,9,191,0.333,0.111,4,0.444,0.111,0,0.0,0.538,30,9,Jarrod Bowen
Dominik,Szoboszlai,2025-26,65.0,4.1,41,810,1,1,251.9,101.0,2,14,2,0,224.4,57.8,7,192,0.111,0.111,2,0.222,0.222,2,0.222,0.631,39,9,Dominik Szoboszlai
Martín,Zubimendi Ibáñez,2025-26,55.0,3.8,40,771,2,0,126.3,47.0,6,3,1,0,170.8,34.5,3,167,0.233,0.0,2,0.233,0.7,1,0.117,0.727,40,9,Martín Zubimendi Ibáñez
Pedro,Lomba Neto,2025-26,70.0,5.5,40,669,2,2,219.7,109.0,3,6,0,0,163.8,49.3,4,165,0.269,0.269,4,0.538,0.404,0,0.0,0.571,40,9,Pedro Lomba Neto
Ismaïla,Sarr,2025-26,66.0,10.4,40,612,3,1,80.2,142.0,3,6,1,0,166.2,39.0,6,125,0.441,0.147,4,0.588,0.441,1,0.147,0.606,40,9,Ismaïla Sarr
Bruno,Borges Fernandes,2025-26,89.0,16.6,40,800,2,1,345.9,183.0,1,14,2,0,259.8,79.0,8,197,0.225,0.112,3,0.337,0.112,2,0.225,0.449,40,9,Bruno Borges Fernandes
Jean-Philippe,Mateta,2025-26,77.0,19.3,39,780,5,0,38.5,361.0,4,7,2,0,221.0,62.1,3,145,0.577,0.0,5,0.577,0.462,2,0.231,0.506,44,9,Jean-Philippe Mateta
Ryan,Gravenberch,2025-26,56.0,4.0,39,601,2,2,104.8,52.0,2,8,2,0,178.0,33.5,7,165,0.3,0.3,4,0.599,0.3,2,0.3,0.696,44,9,Ryan Gravenberch
Trai,Hume,2025-26,45.0,0.4,39,798,0,1,96.8,27.0,4,7,0,0,137.8,26.3,2,149,0.0,0.113,1,0.113,0.451,0,0.0,0.867,44,9,Trai Hume
Granit,Xhaka,2025-26,51.0,5.1,39,810,0,3,176.8,30.0,4,7,3,0,220.4,42.6,1,171,0.0,0.333,3,0.333,0.444,3,0.333,0.765,44,9,Granit Xhaka
Yankuba,Minteh,2025-26,60.0,4.0,38,772,1,3,199.2,213.0,1,13,0,0,164.4,57.8,3,162,0.117,0.35,4,0.466,0.117,0,0.0,0.633,48,9,Yankuba Minteh
Reece,James,2025-26,55.0,7.5,38,603,1,3,199.0,52.0,2,9,2,0,182.2,43.4,3,159,0.149,0.448,4,0.597,0.299,2,0.299,0.691,48,9,Reece James
Tyrick,Mitchell,2025-26,50.0,2.3,38,810,1,0,133.5,77.0,3,9,2,0,203.8,41.5,2,155,0.111,0.0,1,0.111,0.333,2,0.222,0.76,48,9,Tyrick Mitchell
